CREATE DATABASE  IF NOT EXISTS `answersheet_db` /*!40100 DEFAULT CHARACTER SET latin1 */;
USE `answersheet_db`;
-- MySQL dump 10.13  Distrib 5.5.16, for Win32 (x86)
--
-- Host: 127.0.0.1    Database: answersheet_db
-- ------------------------------------------------------
-- Server version	5.5.24-log

/*!40101 SET @OLD_CHARACTER_SET_CLIENT=@@CHARACTER_SET_CLIENT */;
/*!40101 SET @OLD_CHARACTER_SET_RESULTS=@@CHARACTER_SET_RESULTS */;
/*!40101 SET @OLD_COLLATION_CONNECTION=@@COLLATION_CONNECTION */;
/*!40101 SET NAMES utf8 */;
/*!40103 SET @OLD_TIME_ZONE=@@TIME_ZONE */;
/*!40103 SET TIME_ZONE='+00:00' */;
/*!40014 SET @OLD_UNIQUE_CHECKS=@@UNIQUE_CHECKS, UNIQUE_CHECKS=0 */;
/*!40014 SET @OLD_FOREIGN_KEY_CHECKS=@@FOREIGN_KEY_CHECKS, FOREIGN_KEY_CHECKS=0 */;
/*!40101 SET @OLD_SQL_MODE=@@SQL_MODE, SQL_MODE='NO_AUTO_VALUE_ON_ZERO' */;
/*!40111 SET @OLD_SQL_NOTES=@@SQL_NOTES, SQL_NOTES=0 */;

--
-- Table structure for table `answers`
--

DROP TABLE IF EXISTS `answers`;
/*!40101 SET @saved_cs_client     = @@character_set_client */;
/*!40101 SET character_set_client = utf8 */;
CREATE TABLE `answers` (
  `id` int(11) NOT NULL AUTO_INCREMENT,
  `schedule_id` int(11) NOT NULL,
  `feedback_title` varchar(100) DEFAULT NULL,
  `feedback_author` int(11) DEFAULT NULL,
  `ind_or_cohort` int(1) DEFAULT NULL COMMENT 'ind_or_cohort:\nfeedback for individual=1,\nfeedback for cohort=2',
  `recipient` int(11) DEFAULT NULL,
  `feedback_type` int(1) DEFAULT NULL COMMENT 'feedback_type:\n1=video,\n2=code',
  `url` varchar(100) DEFAULT NULL,
  `available_on` datetime DEFAULT NULL,
  `created_at` datetime DEFAULT NULL,
  `modified_at` datetime DEFAULT NULL,
  PRIMARY KEY (`id`),
  KEY `fk_assignments_schedules_idx` (`schedule_id`),
  CONSTRAINT `fk_assignments_schedules` FOREIGN KEY (`schedule_id`) REFERENCES `schedules` (`id`) ON DELETE NO ACTION ON UPDATE NO ACTION
) ENGINE=InnoDB AUTO_INCREMENT=184 DEFAULT CHARSET=latin1;
/*!40101 SET character_set_client = @saved_cs_client */;

--
-- Dumping data for table `answers`
--

LOCK TABLES `answers` WRITE;
/*!40000 ALTER TABLE `answers` DISABLE KEYS */;
INSERT INTO `answers` VALUES (8,3,'feedback blah, blah, 131',2,1,5,1,'vid131.mp4','2013-06-11 16:52:31','2013-06-11 16:52:31',NULL),(9,4,'feedback blah, blah, 140',2,2,2,1,'vid140.mp4','2013-06-11 16:52:31','2013-06-11 16:52:31',NULL),(12,6,'feedback blah, blah, 210',2,1,5,2,'code210.zip','2013-06-11 16:52:31','2013-06-11 16:52:31',NULL),(13,6,'feedback blah, blah, 211',1,2,2,2,'code211.zip','2013-06-11 16:52:31','2013-06-11 16:52:31',NULL),(14,6,'feedback blah, blah, 212',1,2,2,1,'vid212.mp4','2013-06-11 16:52:31','2013-06-11 16:52:31',NULL),(16,7,'feedback blah, blah, 220',1,2,2,2,'code220.zip','2013-06-11 16:52:31','2013-06-11 16:52:31',NULL),(17,7,'feedback blah, blah, 221',1,2,2,1,'vid221.mp4','2013-06-11 16:52:31','2013-06-11 16:52:31',NULL),(18,7,'feedback blah, blah, 222',1,2,2,1,'vid222.mp4','2013-06-11 16:52:31','2013-06-11 16:52:31',NULL),(19,7,'feedback blah, blah, 223',1,1,3,2,'code223.zip','2013-06-11 16:52:31','2013-06-11 16:52:31',NULL),(20,9,'feedback blah, blah, 240',2,1,3,1,'vid240.mp4','2013-06-11 16:52:31','2013-06-11 16:52:31',NULL),(21,9,'feedback blah, blah, 241',2,2,2,1,'vid241.mp4','2013-06-11 16:52:31','2013-06-11 16:52:31',NULL),(22,10,'feedback blah, blah, 250',2,2,2,1,'vid250.mp4','2013-06-11 16:52:31','2013-06-11 16:52:31',NULL),(23,10,'feedback blah, blah, 251',1,1,3,1,'vid251.mp4','2013-06-11 16:52:31','2013-06-11 16:52:31',NULL),(24,10,'feedback blah, blah, 252',2,1,3,2,'code252.zip','2013-06-11 16:52:31','2013-06-11 16:52:31',NULL),(25,10,'feedback blah, blah, 253',2,2,2,2,'code253.zip','2013-06-11 16:52:31','2013-06-11 16:52:31',NULL),(26,12,'feedback blah, blah, 320',1,2,2,1,'vid320.mp4','2013-06-11 16:52:31','2013-06-11 16:52:31',NULL),(27,12,'feedback blah, blah, 321',2,2,2,2,'code321.zip','2013-06-11 16:52:31','2013-06-11 16:52:31',NULL),(28,13,'feedback blah, blah, 330',1,1,3,2,'code330.zip','2013-06-11 16:52:31','2013-06-11 16:52:31',NULL),(29,14,'feedback blah, blah, 340',1,2,2,2,'code340.zip','2013-06-11 16:52:31','2013-06-11 16:52:31',NULL),(30,14,'feedback blah, blah, 341',2,2,2,1,'vid341.mp4','2013-06-11 16:52:31','2013-06-11 16:52:31',NULL),(31,14,'feedback blah, blah, 342',2,2,2,1,'vid342.mp4','2013-06-11 16:52:31','2013-06-11 16:52:31',NULL),(32,15,'feedback blah, blah, 350',1,2,2,2,'code350.zip','2013-06-11 16:52:31','2013-06-11 16:52:31',NULL),(33,15,'feedback blah, blah, 351',1,2,2,2,'code351.zip','2013-06-11 16:52:31','2013-06-11 16:52:31',NULL),(34,16,'feedback blah, blah, 410',2,2,2,2,'code410.zip','2013-06-11 16:52:31','2013-06-11 16:52:31',NULL),(35,16,'feedback blah, blah, 411',2,2,2,1,'vid411.mp4','2013-06-11 16:52:31','2013-06-11 16:52:31',NULL),(36,16,'feedback blah, blah, 412',2,1,3,1,'vid412.mp4','2013-06-11 16:52:31','2013-06-11 16:52:31',NULL),(37,16,'feedback blah, blah, 413',1,2,2,2,'code413.zip','2013-06-11 16:52:31','2013-06-11 16:52:31',NULL),(38,19,'feedback blah, blah, 440',1,2,2,1,'vid440.mp4','2013-06-11 16:52:31','2013-06-11 16:52:31',NULL),(39,19,'feedback blah, blah, 441',2,1,3,2,'code441.zip','2013-06-11 16:52:31','2013-06-11 16:52:31',NULL),(40,19,'feedback blah, blah, 442',2,2,2,2,'code442.zip','2013-06-11 16:52:31','2013-06-11 16:52:31',NULL),(41,20,'feedback blah, blah, 450',1,2,2,1,'vid450.mp4','2013-06-11 16:52:31','2013-06-11 16:52:31',NULL),(42,20,'feedback blah, blah, 451',1,1,3,2,'code451.zip','2013-06-11 16:52:31','2013-06-11 16:52:31',NULL),(43,22,'feedback blah, blah, 520',1,1,3,2,'code520.zip','2013-06-11 16:52:31','2013-06-11 16:52:31',NULL),(44,22,'feedback blah, blah, 521',1,1,5,1,'vid521.mp4','2013-06-11 16:52:31','2013-06-11 16:52:31',NULL),(45,23,'feedback blah, blah, 530',2,2,2,1,'vid530.mp4','2013-06-11 16:52:31','2013-06-11 16:52:31',NULL),(46,23,'feedback blah, blah, 531',1,2,2,2,'code531.zip','2013-06-11 16:52:31','2013-06-11 16:52:31',NULL),(47,24,'feedback blah, blah, 540',2,1,5,2,'code540.zip','2013-06-11 16:52:31','2013-06-11 16:52:31',NULL),(48,24,'feedback blah, blah, 541',1,2,2,2,'code541.zip','2013-06-11 16:52:31','2013-06-11 16:52:32',NULL),(49,25,'feedback blah, blah, 550',1,2,2,1,'vid550.mp4','2013-06-11 16:52:31','2013-06-11 16:52:32',NULL),(50,25,'feedback blah, blah, 551',1,1,5,1,'vid551.mp4','2013-06-11 16:52:31','2013-06-11 16:52:32',NULL),(51,25,'feedback blah, blah, 552',2,2,2,2,'code552.zip','2013-06-11 16:52:31','2013-06-11 16:52:32',NULL),(52,25,'feedback blah, blah, 553',1,2,2,2,'code553.zip','2013-06-11 16:52:31','2013-06-11 16:52:32',NULL),(53,26,'feedback blah, blah, 610',1,2,2,1,'vid610.mp4','2013-06-11 16:52:31','2013-06-11 16:52:32',NULL),(54,26,'feedback blah, blah, 611',2,2,2,1,'vid611.mp4','2013-06-11 16:52:31','2013-06-11 16:52:32',NULL),(55,26,'feedback blah, blah, 612',1,2,2,2,'code612.zip','2013-06-11 16:52:31','2013-06-11 16:52:32',NULL),(56,27,'feedback blah, blah, 620',1,2,2,1,'vid620.mp4','2013-06-11 16:52:31','2013-06-11 16:52:32',NULL),(57,27,'feedback blah, blah, 621',1,2,2,2,'code621.zip','2013-06-11 16:52:31','2013-06-11 16:52:32',NULL),(58,27,'feedback blah, blah, 622',2,2,2,2,'code622.zip','2013-06-11 16:52:31','2013-06-11 16:52:32',NULL),(59,27,'feedback blah, blah, 623',2,1,5,1,'vid623.mp4','2013-06-11 16:52:31','2013-06-11 16:52:32',NULL),(60,28,'feedback blah, blah, 630',2,1,3,2,'code630.zip','2013-06-11 16:52:31','2013-06-11 16:52:32',NULL),(61,29,'feedback blah, blah, 640',2,1,3,2,'code640.zip','2013-06-11 16:52:31','2013-06-11 16:52:32',NULL),(62,31,'feedback blah, blah, 710',1,1,5,2,'code710.zip','2013-06-11 16:52:31','2013-06-11 16:52:32',NULL),(63,31,'feedback blah, blah, 711',1,1,5,1,'vid711.mp4','2013-06-11 16:52:31','2013-06-11 16:52:32',NULL),(64,31,'feedback blah, blah, 712',1,1,5,1,'vid712.mp4','2013-06-11 16:52:31','2013-06-11 16:52:32',NULL),(65,31,'feedback blah, blah, 713',1,2,2,2,'code713.zip','2013-06-11 16:52:31','2013-06-11 16:52:32',NULL),(66,32,'feedback blah, blah, 720',2,2,2,1,'vid720.mp4','2013-06-11 16:52:31','2013-06-11 16:52:32',NULL),(67,32,'feedback blah, blah, 721',2,1,5,2,'code721.zip','2013-06-11 16:52:31','2013-06-11 16:52:32',NULL),(68,32,'feedback blah, blah, 722',1,2,2,2,'code722.zip','2013-06-11 16:52:31','2013-06-11 16:52:32',NULL),(69,33,'feedback blah, blah, 730',1,2,2,2,'code730.zip','2013-06-11 16:52:31','2013-06-11 16:52:32',NULL),(70,33,'feedback blah, blah, 731',2,1,3,1,'vid731.mp4','2013-06-11 16:52:31','2013-06-11 16:52:32',NULL),(71,34,'feedback blah, blah, 740',1,2,2,1,'vid740.mp4','2013-06-11 16:52:31','2013-06-11 16:52:32',NULL),(72,34,'feedback blah, blah, 741',2,2,2,2,'code741.zip','2013-06-11 16:52:31','2013-06-11 16:52:32',NULL),(73,34,'feedback blah, blah, 742',1,1,5,1,'vid742.mp4','2013-06-11 16:52:31','2013-06-11 16:52:32',NULL),(74,34,'feedback blah, blah, 743',1,2,2,1,'vid743.mp4','2013-06-11 16:52:31','2013-06-11 16:52:32',NULL),(75,35,'feedback blah, blah, 750',1,1,3,1,'vid750.mp4','2013-06-11 16:52:31','2013-06-11 16:52:32',NULL),(76,35,'feedback blah, blah, 751',1,1,3,2,'code751.zip','2013-06-11 16:52:31','2013-06-11 16:52:32',NULL),(77,35,'feedback blah, blah, 752',2,2,2,1,'vid752.mp4','2013-06-11 16:52:31','2013-06-11 16:52:32',NULL),(78,36,'feedback blah, blah, 810',1,1,5,1,'vid810.mp4','2013-06-11 16:52:31','2013-06-11 16:52:32',NULL),(79,36,'feedback blah, blah, 811',2,2,2,2,'code811.zip','2013-06-11 16:52:31','2013-06-11 16:52:32',NULL),(80,36,'feedback blah, blah, 812',1,1,3,1,'vid812.mp4','2013-06-11 16:52:31','2013-06-11 16:52:32',NULL),(81,37,'feedback blah, blah, 820',1,1,3,1,'vid820.mp4','2013-06-11 16:52:31','2013-06-11 16:52:32',NULL),(82,37,'feedback blah, blah, 821',1,2,2,2,'code821.zip','2013-06-11 16:52:31','2013-06-11 16:52:32',NULL),(83,38,'feedback blah, blah, 830',1,2,2,2,'code830.zip','2013-06-11 16:52:31','2013-06-11 16:52:32',NULL),(84,38,'feedback blah, blah, 831',2,2,2,2,'code831.zip','2013-06-11 16:52:31','2013-06-11 16:52:32',NULL),(85,39,'feedback blah, blah, 840',2,1,3,1,'vid840.mp4','2013-06-11 16:52:31','2013-06-11 16:52:32',NULL),(86,40,'feedback blah, blah, 850',1,1,3,2,'code850.zip','2013-06-11 16:52:31','2013-06-11 16:52:32',NULL),(87,40,'feedback blah, blah, 851',2,1,3,1,'vid851.mp4','2013-06-11 16:52:31','2013-06-11 16:52:32',NULL),(88,40,'feedback blah, blah, 852',1,2,2,2,'code852.zip','2013-06-11 16:52:31','2013-06-11 16:52:32',NULL),(89,40,'feedback blah, blah, 853',1,1,5,1,'vid853.mp4','2013-06-11 16:52:31','2013-06-11 16:52:32',NULL),(90,41,'feedback blah, blah, 910',2,2,2,1,'vid910.mp4','2013-06-11 16:52:31','2013-06-11 16:52:32',NULL),(105,51,'feedback blah, blah, 213',1,1,4,1,'vid213.mp4','2013-06-11 16:52:31','2013-06-11 16:54:23',NULL),(107,53,'feedback blah, blah, 230',2,1,4,1,'vid230.mp4','2013-06-11 16:52:31','2013-06-11 16:54:23',NULL),(109,53,'feedback blah, blah, 232',1,2,3,2,'code232.zip','2013-06-11 16:52:31','2013-06-11 16:54:23',NULL),(110,53,'feedback blah, blah, 233',2,2,3,2,'code233.zip','2013-06-11 16:52:31','2013-06-11 16:54:23',NULL),(113,56,'feedback blah, blah, 311',2,1,8,1,'vid311.mp4','2013-06-11 16:52:31','2013-06-11 16:54:23',NULL),(114,56,'feedback blah, blah, 312',1,1,4,1,'vid312.mp4','2013-06-11 16:52:31','2013-06-11 16:54:23',NULL),(115,56,'feedback blah, blah, 313',2,2,3,2,'code313.zip','2013-06-11 16:52:31','2013-06-11 16:54:23',NULL),(116,57,'feedback blah, blah, 320',2,1,8,1,'vid320.mp4','2013-06-11 16:52:31','2013-06-11 16:54:23',NULL),(117,57,'feedback blah, blah, 321',1,2,3,2,'code321.zip','2013-06-11 16:52:31','2013-06-11 16:54:23',NULL),(118,58,'feedback blah, blah, 330',1,1,8,2,'code330.zip','2013-06-11 16:52:31','2013-06-11 16:54:23',NULL),(120,60,'feedback blah, blah, 350',1,2,3,1,'vid350.mp4','2013-06-11 16:52:31','2013-06-11 16:54:23',NULL),(121,60,'feedback blah, blah, 351',2,1,4,1,'vid351.mp4','2013-06-11 16:52:31','2013-06-11 16:54:23',NULL),(122,60,'feedback blah, blah, 352',2,2,3,2,'code352.zip','2013-06-11 16:52:31','2013-06-11 16:54:23',NULL),(123,60,'feedback blah, blah, 353',1,1,8,2,'code353.zip','2013-06-11 16:52:31','2013-06-11 16:54:23',NULL),(124,64,'feedback blah, blah, 440',2,1,4,1,'vid440.mp4','2013-06-11 16:52:31','2013-06-11 16:54:23',NULL),(125,65,'feedback blah, blah, 450',1,1,8,1,'vid450.mp4','2013-06-11 16:52:31','2013-06-11 16:54:23',NULL),(126,65,'feedback blah, blah, 451',1,2,3,2,'code451.zip','2013-06-11 16:52:31','2013-06-11 16:54:23',NULL),(127,65,'feedback blah, blah, 452',2,1,8,2,'code452.zip','2013-06-11 16:52:31','2013-06-11 16:54:23',NULL),(128,65,'feedback blah, blah, 453',2,2,3,2,'code453.zip','2013-06-11 16:52:31','2013-06-11 16:54:23',NULL),(129,66,'feedback blah, blah, 510',2,2,3,2,'code510.zip','2013-06-11 16:52:31','2013-06-11 16:54:23',NULL),(130,67,'feedback blah, blah, 520',2,2,3,2,'code520.zip','2013-06-11 16:52:31','2013-06-11 16:54:23',NULL),(131,67,'feedback blah, blah, 521',2,1,8,2,'code521.zip','2013-06-11 16:52:31','2013-06-11 16:54:23',NULL),(132,67,'feedback blah, blah, 522',2,1,8,1,'vid522.mp4','2013-06-11 16:52:31','2013-06-11 16:54:23',NULL),(133,67,'feedback blah, blah, 523',2,1,8,2,'code523.zip','2013-06-11 16:52:31','2013-06-11 16:54:23',NULL),(134,69,'feedback blah, blah, 540',2,1,4,2,'code540.zip','2013-06-11 16:52:31','2013-06-11 16:54:23',NULL),(135,69,'feedback blah, blah, 541',1,2,3,2,'code541.zip','2013-06-11 16:52:31','2013-06-11 16:54:23',NULL),(136,69,'feedback blah, blah, 542',2,1,4,1,'vid542.mp4','2013-06-11 16:52:31','2013-06-11 16:54:23',NULL),(137,69,'feedback blah, blah, 543',2,1,8,2,'code543.zip','2013-06-11 16:52:31','2013-06-11 16:54:23',NULL),(138,71,'feedback blah, blah, 610',1,1,4,1,'vid610.mp4','2013-06-11 16:52:31','2013-06-11 16:54:23',NULL),(139,71,'feedback blah, blah, 611',1,1,4,2,'code611.zip','2013-06-11 16:52:31','2013-06-11 16:54:23',NULL),(140,71,'feedback blah, blah, 612',2,2,3,2,'code612.zip','2013-06-11 16:52:31','2013-06-11 16:54:23',NULL),(141,71,'feedback blah, blah, 613',2,1,8,2,'code613.zip','2013-06-11 16:52:31','2013-06-11 16:54:23',NULL),(142,72,'feedback blah, blah, 620',2,1,8,1,'vid620.mp4','2013-06-11 16:52:31','2013-06-11 16:54:23',NULL),(143,73,'feedback blah, blah, 630',2,1,4,2,'code630.zip','2013-06-11 16:52:31','2013-06-11 16:54:23',NULL),(144,73,'feedback blah, blah, 631',1,2,3,2,'code631.zip','2013-06-11 16:52:31','2013-06-11 16:54:23',NULL),(145,74,'feedback blah, blah, 640',2,1,8,1,'vid640.mp4','2013-06-11 16:52:31','2013-06-11 16:54:23',NULL),(146,75,'feedback blah, blah, 650',1,1,8,2,'code650.zip','2013-06-11 16:52:31','2013-06-11 16:54:23',NULL),(147,75,'feedback blah, blah, 651',2,1,8,1,'vid651.mp4','2013-06-11 16:52:31','2013-06-11 16:54:23',NULL),(148,75,'feedback blah, blah, 652',1,2,3,1,'vid652.mp4','2013-06-11 16:52:31','2013-06-11 16:54:23',NULL),(149,75,'feedback blah, blah, 653',1,1,8,1,'vid653.mp4','2013-06-11 16:52:31','2013-06-11 16:54:23',NULL),(150,76,'feedback blah, blah, 710',1,2,3,1,'vid710.mp4','2013-06-11 16:52:31','2013-06-11 16:54:23',NULL),(151,76,'feedback blah, blah, 711',1,1,8,1,'vid711.mp4','2013-06-11 16:52:31','2013-06-11 16:54:23',NULL),(152,76,'feedback blah, blah, 712',1,2,3,1,'vid712.mp4','2013-06-11 16:52:31','2013-06-11 16:54:23',NULL),(153,76,'feedback blah, blah, 713',2,2,3,2,'code713.zip','2013-06-11 16:52:31','2013-06-11 16:54:23',NULL),(154,77,'feedback blah, blah, 720',2,1,4,2,'code720.zip','2013-06-11 16:52:31','2013-06-11 16:54:23',NULL),(155,78,'feedback blah, blah, 730',1,1,8,2,'code730.zip','2013-06-11 16:52:31','2013-06-11 16:54:23',NULL),(156,78,'feedback blah, blah, 731',2,2,3,2,'code731.zip','2013-06-11 16:52:31','2013-06-11 16:54:23',NULL),(157,79,'feedback blah, blah, 740',1,2,3,1,'vid740.mp4','2013-06-11 16:52:31','2013-06-11 16:54:23',NULL),(158,79,'feedback blah, blah, 741',2,2,3,1,'vid741.mp4','2013-06-11 16:52:31','2013-06-11 16:54:23',NULL),(159,79,'feedback blah, blah, 742',2,2,3,1,'vid742.mp4','2013-06-11 16:52:31','2013-06-11 16:54:23',NULL),(160,79,'feedback blah, blah, 743',2,1,8,2,'code743.zip','2013-06-11 16:52:31','2013-06-11 16:54:23',NULL),(161,80,'feedback blah, blah, 750',1,1,4,2,'code750.zip','2013-06-11 16:52:31','2013-06-11 16:54:23',NULL),(162,81,'feedback blah, blah, 810',2,2,3,2,'code810.zip','2013-06-11 16:52:31','2013-06-11 16:54:23',NULL),(163,81,'feedback blah, blah, 811',2,1,8,2,'code811.zip','2013-06-11 16:52:31','2013-06-11 16:54:23',NULL),(164,82,'feedback blah, blah, 820',1,1,8,2,'code820.zip','2013-06-11 16:52:31','2013-06-11 16:54:23',NULL),(165,82,'feedback blah, blah, 821',2,2,3,1,'vid821.mp4','2013-06-11 16:52:31','2013-06-11 16:54:24',NULL),(166,83,'feedback blah, blah, 830',1,1,4,1,'vid830.mp4','2013-06-11 16:52:31','2013-06-11 16:54:24',NULL),(167,83,'feedback blah, blah, 831',2,2,3,1,'vid831.mp4','2013-06-11 16:52:31','2013-06-11 16:54:24',NULL),(168,83,'feedback blah, blah, 832',2,2,3,2,'code832.zip','2013-06-11 16:52:31','2013-06-11 16:54:24',NULL),(169,83,'feedback blah, blah, 833',2,2,3,2,'code833.zip','2013-06-11 16:52:31','2013-06-11 16:54:24',NULL),(170,84,'feedback blah, blah, 840',1,1,4,1,'vid840.mp4','2013-06-11 16:52:31','2013-06-11 16:54:24',NULL),(171,84,'feedback blah, blah, 841',2,1,4,2,'code841.zip','2013-06-11 16:52:31','2013-06-11 16:54:24',NULL),(172,84,'feedback blah, blah, 842',2,1,8,1,'vid842.mp4','2013-06-11 16:52:31','2013-06-11 16:54:24',NULL),(173,85,'feedback blah, blah, 850',2,1,4,1,'vid850.mp4','2013-06-11 16:52:31','2013-06-11 16:54:24',NULL),(174,85,'feedback blah, blah, 851',2,1,4,2,'code851.zip','2013-06-11 16:52:31','2013-06-11 16:54:24',NULL),(175,85,'feedback blah, blah, 852',1,1,4,1,'vid852.mp4','2013-06-11 16:52:31','2013-06-11 16:54:24',NULL),(176,87,'feedback blah, blah, 920',2,2,3,2,'code920.zip','2013-06-11 16:52:31','2013-06-11 16:54:24',NULL),(177,87,'feedback blah, blah, 921',1,2,3,2,'code921.zip','2013-06-11 16:52:31','2013-06-11 16:54:24',NULL),(178,87,'feedback blah, blah, 922',2,2,3,1,'vid922.mp4','2013-06-11 16:52:31','2013-06-11 16:54:24',NULL),(179,87,'feedback blah, blah, 923',1,1,4,2,'code923.zip','2013-06-11 16:52:31','2013-06-11 16:54:24',NULL),(180,88,'feedback blah, blah, 930',1,1,4,1,'vid930.mp4','2013-06-11 16:52:31','2013-06-11 16:54:24',NULL),(181,88,'feedback blah, blah, 931',2,2,3,2,'code931.zip','2013-06-11 16:52:31','2013-06-11 16:54:24',NULL),(182,88,'feedback blah, blah, 932',1,1,4,1,'vid932.mp4','2013-06-11 16:52:31','2013-06-11 16:54:24',NULL),(183,90,'feedback blah, blah, 950',1,1,8,1,'vid950.mp4','2013-06-11 16:52:31','2013-06-11 16:54:24',NULL);
/*!40000 ALTER TABLE `answers` ENABLE KEYS */;
UNLOCK TABLES;

--
-- Table structure for table `cohorts`
--

DROP TABLE IF EXISTS `cohorts`;
/*!40101 SET @saved_cs_client     = @@character_set_client */;
/*!40101 SET character_set_client = utf8 */;
CREATE TABLE `cohorts` (
  `id` int(11) NOT NULL AUTO_INCREMENT,
  `location` varchar(45) DEFAULT NULL,
  `start_date` varchar(20) DEFAULT NULL,
  `created_at` datetime DEFAULT NULL,
  `modified_at` datetime DEFAULT NULL,
  PRIMARY KEY (`id`)
) ENGINE=InnoDB AUTO_INCREMENT=32 DEFAULT CHARSET=latin1;
/*!40101 SET character_set_client = @saved_cs_client */;

--
-- Dumping data for table `cohorts`
--

LOCK TABLES `cohorts` WRITE;
/*!40000 ALTER TABLE `cohorts` DISABLE KEYS */;
INSERT INTO `cohorts` VALUES (1,'All Locations','Instructors','0000-00-00 00:00:00',NULL),(2,'Mountain View','2013-04-08','2013-06-11 12:00:00',NULL),(3,'Mountain View','2013-05-20','2013-06-11 12:00:00',NULL),(11,'Mountain View','2013-06-24','2013-06-13 22:26:48',NULL),(12,'Mountain View','2013-07-29','2013-06-13 23:24:23',NULL),(13,'Mountain View','2013-09-02','2013-06-17 11:59:21',NULL),(14,'Mountain View','2013-10-07','2013-06-17 12:11:27',NULL),(15,'Seattle','2013-11-04','2013-06-17 12:12:31',NULL),(16,'seattle','2013-08-24','2013-06-17 12:16:43',NULL),(17,'seattle','2013-08-11','2013-06-17 12:26:01',NULL),(18,'Seattle','2013-08-06','2013-06-17 14:22:33',NULL),(19,'asdfkjh;kasfda','2013-07-02','2013-06-17 14:24:40',NULL),(20,'ghjk','2013-07-04','2013-06-17 14:26:16',NULL),(21,'ghkjfhkj','2013-07-08','2013-06-17 14:31:17',NULL),(22,'askdfhiagfaljdhfgal','2013-07-05','2013-06-17 16:28:44',NULL),(23,'askdfhiagfaljdhfgal','2013-07-05','2013-06-17 16:31:08',NULL),(24,'dsfsdfsdf','2013-06-05','2013-06-17 16:33:07',NULL),(25,'erwerwer','2013-06-05','2013-06-17 16:33:31',NULL),(26,'sdasd','2013-06-06','2013-06-17 16:33:58',NULL),(27,'','','2013-06-17 16:35:36',NULL),(28,'','','2013-06-17 16:35:54',NULL),(29,'pblat','2013-06-08','2013-06-17 16:37:57',NULL),(30,'asdasd','2013-06-06','2013-06-17 16:39:16',NULL),(31,'eek','2013-06-06','2013-06-17 16:40:44',NULL);
/*!40000 ALTER TABLE `cohorts` ENABLE KEYS */;
UNLOCK TABLES;

--
-- Table structure for table `schedules`
--

DROP TABLE IF EXISTS `schedules`;
/*!40101 SET @saved_cs_client     = @@character_set_client */;
/*!40101 SET character_set_client = utf8 */;
CREATE TABLE `schedules` (
  `id` int(11) NOT NULL AUTO_INCREMENT,
  `cohort_id` int(11) NOT NULL,
  `week` int(2) DEFAULT NULL,
  `day` int(2) DEFAULT NULL,
  `day_theme` varchar(45) DEFAULT NULL,
  `created_at` datetime DEFAULT NULL,
  `modified_at` datetime DEFAULT NULL,
  PRIMARY KEY (`id`),
  KEY `fk_schedules_cohorts1_idx` (`cohort_id`),
  CONSTRAINT `fk_schedules_cohorts1` FOREIGN KEY (`cohort_id`) REFERENCES `cohorts` (`id`) ON DELETE NO ACTION ON UPDATE NO ACTION
) ENGINE=InnoDB AUTO_INCREMENT=1036 DEFAULT CHARSET=latin1;
/*!40101 SET character_set_client = @saved_cs_client */;

--
-- Dumping data for table `schedules`
--

LOCK TABLES `schedules` WRITE;
/*!40000 ALTER TABLE `schedules` DISABLE KEYS */;
INSERT INTO `schedules` VALUES (1,2,1,1,'1.1','2013-06-11 15:38:12',NULL),(2,2,1,2,'1.2','2013-06-11 15:38:12',NULL),(3,2,1,3,'1.3','2013-06-11 15:38:12',NULL),(4,2,1,4,'1.4','2013-06-11 15:38:12',NULL),(5,2,1,5,'1.5','2013-06-11 15:38:12',NULL),(6,2,2,1,'2.1','2013-06-11 15:38:12',NULL),(7,2,2,2,'2.2','2013-06-11 15:38:12',NULL),(8,2,2,3,'2.3','2013-06-11 15:38:13',NULL),(9,2,2,4,'2.4','2013-06-11 15:38:13',NULL),(10,2,2,5,'2.5','2013-06-11 15:38:13',NULL),(11,2,3,1,'Edit Day Theme','2013-06-11 15:38:13',NULL),(12,2,3,2,'Edit Day Theme','2013-06-11 15:38:13',NULL),(13,2,3,3,'Edit Day Theme','2013-06-11 15:38:13',NULL),(14,2,3,4,'Edit Day Theme','2013-06-11 15:38:13',NULL),(15,2,3,5,'Edit Day Theme','2013-06-11 15:38:13',NULL),(16,2,4,1,'Edit Day Theme','2013-06-11 15:38:13',NULL),(17,2,4,2,'Edit Day Theme','2013-06-11 15:38:13',NULL),(18,2,4,3,'Edit Day Theme','2013-06-11 15:38:13',NULL),(19,2,4,4,'Edit Day Theme','2013-06-11 15:38:13',NULL),(20,2,4,5,'Edit Day Theme','2013-06-11 15:38:13',NULL),(21,2,5,1,'Edit Day Theme','2013-06-11 15:38:13',NULL),(22,2,5,2,'Edit Day Theme','2013-06-11 15:38:13',NULL),(23,2,5,3,'Edit Day Theme','2013-06-11 15:38:13',NULL),(24,2,5,4,'Edit Day Theme','2013-06-11 15:38:13',NULL),(25,2,5,5,'Edit Day Theme','2013-06-11 15:38:13',NULL),(26,2,6,1,'Edit Day Theme','2013-06-11 15:38:13',NULL),(27,2,6,2,'Edit Day Theme','2013-06-11 15:38:13',NULL),(28,2,6,3,'Edit Day Theme','2013-06-11 15:38:13',NULL),(29,2,6,4,'Edit Day Theme','2013-06-11 15:38:13',NULL),(30,2,6,5,'Edit Day Theme','2013-06-11 15:38:13',NULL),(31,2,7,1,'Edit Day Theme','2013-06-11 15:38:13',NULL),(32,2,7,2,'Edit Day Theme','2013-06-11 15:38:13',NULL),(33,2,7,3,'Edit Day Theme','2013-06-11 15:38:13',NULL),(34,2,7,4,'Edit Day Theme','2013-06-11 15:38:13',NULL),(35,2,7,5,'Edit Day Theme','2013-06-11 15:38:13',NULL),(36,2,8,1,'Edit Day Theme','2013-06-11 15:38:13',NULL),(37,2,8,2,'Edit Day Theme','2013-06-11 15:38:13',NULL),(38,2,8,3,'Edit Day Theme','2013-06-11 15:38:13',NULL),(39,2,8,4,'Edit Day Theme','2013-06-11 15:38:13',NULL),(40,2,8,5,'Edit Day Theme','2013-06-11 15:38:13',NULL),(41,2,9,1,'Edit Day Theme','2013-06-11 15:38:13',NULL),(42,2,9,2,'Edit Day Theme','2013-06-11 15:38:13',NULL),(43,2,9,3,'Edit Day Theme','2013-06-11 15:38:13',NULL),(44,2,9,4,'Edit Day Theme','2013-06-11 15:38:13',NULL),(45,2,9,5,'Edit Day Theme','2013-06-11 15:38:13',NULL),(46,3,1,1,'Edit Day Theme','2013-06-11 15:39:53',NULL),(47,3,1,2,'Edit Day Theme','2013-06-11 15:39:53',NULL),(48,3,1,3,'Edit Day Theme','2013-06-11 15:39:53',NULL),(49,3,1,4,'Edit Day Theme','2013-06-11 15:39:53',NULL),(50,3,1,5,'Edit Day Theme','2013-06-11 15:39:53',NULL),(51,3,2,1,'Edit Day Theme','2013-06-11 15:39:53',NULL),(52,3,2,2,'Edit Day Theme','2013-06-11 15:39:53',NULL),(53,3,2,3,'Edit Day Theme','2013-06-11 15:39:53',NULL),(54,3,2,4,'Edit Day Theme','2013-06-11 15:39:53',NULL),(55,3,2,5,'Edit Day Theme','2013-06-11 15:39:53',NULL),(56,3,3,1,'Edit Day Theme','2013-06-11 15:39:53',NULL),(57,3,3,2,'Edit Day Theme','2013-06-11 15:39:53',NULL),(58,3,3,3,'Edit Day Theme','2013-06-11 15:39:53',NULL),(59,3,3,4,'Edit Day Theme','2013-06-11 15:39:53',NULL),(60,3,3,5,'Edit Day Theme','2013-06-11 15:39:53',NULL),(61,3,4,1,'Edit Day Theme','2013-06-11 15:39:53',NULL),(62,3,4,2,'Edit Day Theme','2013-06-11 15:39:53',NULL),(63,3,4,3,'Edit Day Theme','2013-06-11 15:39:53',NULL),(64,3,4,4,'Edit Day Theme','2013-06-11 15:39:53',NULL),(65,3,4,5,'Edit Day Theme','2013-06-11 15:39:53',NULL),(66,3,5,1,'Edit Day Theme','2013-06-11 15:39:53',NULL),(67,3,5,2,'Edit Day Theme','2013-06-11 15:39:53',NULL),(68,3,5,3,'Edit Day Theme','2013-06-11 15:39:53',NULL),(69,3,5,4,'Edit Day Theme','2013-06-11 15:39:53',NULL),(70,3,5,5,'Edit Day Theme','2013-06-11 15:39:53',NULL),(71,3,6,1,'Edit Day Theme','2013-06-11 15:39:53',NULL),(72,3,6,2,'Edit Day Theme','2013-06-11 15:39:53',NULL),(73,3,6,3,'Edit Day Theme','2013-06-11 15:39:53',NULL),(74,3,6,4,'Edit Day Theme','2013-06-11 15:39:53',NULL),(75,3,6,5,'Edit Day Theme','2013-06-11 15:39:53',NULL),(76,3,7,1,'Edit Day Theme','2013-06-11 15:39:53',NULL),(77,3,7,2,'Edit Day Theme','2013-06-11 15:39:53',NULL),(78,3,7,3,'Edit Day Theme','2013-06-11 15:39:53',NULL),(79,3,7,4,'Edit Day Theme','2013-06-11 15:39:53',NULL),(80,3,7,5,'Edit Day Theme','2013-06-11 15:39:54',NULL),(81,3,8,1,'Edit Day Theme','2013-06-11 15:39:54',NULL),(82,3,8,2,'Edit Day Theme','2013-06-11 15:39:54',NULL),(83,3,8,3,'Edit Day Theme','2013-06-11 15:39:54',NULL),(84,3,8,4,'Edit Day Theme','2013-06-11 15:39:54',NULL),(85,3,8,5,'Edit Day Theme','2013-06-11 15:39:54',NULL),(86,3,9,1,'Edit Day Theme','2013-06-11 15:39:54',NULL),(87,3,9,2,'Edit Day Theme','2013-06-11 15:39:54',NULL),(88,3,9,3,'Edit Day Theme','2013-06-11 15:39:54',NULL),(89,3,9,4,'Edit Day Theme','2013-06-11 15:39:54',NULL),(90,3,9,5,'Edit Day Theme','2013-06-11 15:39:54',NULL),(91,11,1,1,NULL,'2013-06-13 23:22:36',NULL),(92,11,1,2,NULL,'2013-06-13 23:22:36',NULL),(93,11,1,3,NULL,'2013-06-13 23:22:37',NULL),(94,11,1,4,NULL,'2013-06-13 23:22:37',NULL),(95,11,1,5,NULL,'2013-06-13 23:22:37',NULL),(96,11,2,1,NULL,'2013-06-13 23:22:37',NULL),(97,11,2,2,NULL,'2013-06-13 23:22:37',NULL),(98,11,2,3,NULL,'2013-06-13 23:22:37',NULL),(99,11,2,4,NULL,'2013-06-13 23:22:37',NULL),(100,11,2,5,NULL,'2013-06-13 23:22:37',NULL),(101,11,3,1,NULL,'2013-06-13 23:22:37',NULL),(102,11,3,2,NULL,'2013-06-13 23:22:37',NULL),(103,11,3,3,NULL,'2013-06-13 23:22:37',NULL),(104,11,3,4,NULL,'2013-06-13 23:22:37',NULL),(105,11,3,5,NULL,'2013-06-13 23:22:37',NULL),(106,11,4,1,NULL,'2013-06-13 23:22:37',NULL),(107,11,4,2,NULL,'2013-06-13 23:22:37',NULL),(108,11,4,3,NULL,'2013-06-13 23:22:37',NULL),(109,11,4,4,NULL,'2013-06-13 23:22:37',NULL),(110,11,4,5,NULL,'2013-06-13 23:22:37',NULL),(111,11,5,1,NULL,'2013-06-13 23:22:37',NULL),(112,11,5,2,NULL,'2013-06-13 23:22:37',NULL),(113,11,5,3,NULL,'2013-06-13 23:22:37',NULL),(114,11,5,4,NULL,'2013-06-13 23:22:37',NULL),(115,11,5,5,NULL,'2013-06-13 23:22:37',NULL),(116,11,6,1,NULL,'2013-06-13 23:22:37',NULL),(117,11,6,2,NULL,'2013-06-13 23:22:37',NULL),(118,11,6,3,NULL,'2013-06-13 23:22:37',NULL),(119,11,6,4,NULL,'2013-06-13 23:22:37',NULL),(120,11,6,5,NULL,'2013-06-13 23:22:37',NULL),(121,11,7,1,NULL,'2013-06-13 23:22:37',NULL),(122,11,7,2,NULL,'2013-06-13 23:22:37',NULL),(123,11,7,3,NULL,'2013-06-13 23:22:37',NULL),(124,11,7,4,NULL,'2013-06-13 23:22:37',NULL),(125,11,7,5,NULL,'2013-06-13 23:22:37',NULL),(126,11,8,1,NULL,'2013-06-13 23:22:37',NULL),(127,11,8,2,NULL,'2013-06-13 23:22:37',NULL),(128,11,8,3,NULL,'2013-06-13 23:22:37',NULL),(129,11,8,4,NULL,'2013-06-13 23:22:37',NULL),(130,11,8,5,NULL,'2013-06-13 23:22:37',NULL),(131,11,9,1,NULL,'2013-06-13 23:22:37',NULL),(132,11,9,2,NULL,'2013-06-13 23:22:37',NULL),(133,11,9,3,NULL,'2013-06-13 23:22:37',NULL),(134,11,9,4,NULL,'2013-06-13 23:22:37',NULL),(135,11,9,5,NULL,'2013-06-13 23:22:37',NULL),(136,12,1,1,NULL,'2013-06-13 23:24:23',NULL),(137,12,1,2,NULL,'2013-06-13 23:24:23',NULL),(138,12,1,3,NULL,'2013-06-13 23:24:23',NULL),(139,12,1,4,NULL,'2013-06-13 23:24:23',NULL),(140,12,1,5,NULL,'2013-06-13 23:24:23',NULL),(141,12,2,1,NULL,'2013-06-13 23:24:23',NULL),(142,12,2,2,NULL,'2013-06-13 23:24:23',NULL),(143,12,2,3,NULL,'2013-06-13 23:24:23',NULL),(144,12,2,4,NULL,'2013-06-13 23:24:23',NULL),(145,12,2,5,NULL,'2013-06-13 23:24:23',NULL),(146,12,3,1,NULL,'2013-06-13 23:24:23',NULL),(147,12,3,2,NULL,'2013-06-13 23:24:23',NULL),(148,12,3,3,NULL,'2013-06-13 23:24:23',NULL),(149,12,3,4,NULL,'2013-06-13 23:24:23',NULL),(150,12,3,5,NULL,'2013-06-13 23:24:23',NULL),(151,12,4,1,NULL,'2013-06-13 23:24:23',NULL),(152,12,4,2,NULL,'2013-06-13 23:24:23',NULL),(153,12,4,3,NULL,'2013-06-13 23:24:23',NULL),(154,12,4,4,NULL,'2013-06-13 23:24:23',NULL),(155,12,4,5,NULL,'2013-06-13 23:24:23',NULL),(156,12,5,1,NULL,'2013-06-13 23:24:23',NULL),(157,12,5,2,NULL,'2013-06-13 23:24:23',NULL),(158,12,5,3,NULL,'2013-06-13 23:24:23',NULL),(159,12,5,4,NULL,'2013-06-13 23:24:23',NULL),(160,12,5,5,NULL,'2013-06-13 23:24:23',NULL),(161,12,6,1,NULL,'2013-06-13 23:24:23',NULL),(162,12,6,2,NULL,'2013-06-13 23:24:23',NULL),(163,12,6,3,NULL,'2013-06-13 23:24:23',NULL),(164,12,6,4,NULL,'2013-06-13 23:24:23',NULL),(165,12,6,5,NULL,'2013-06-13 23:24:23',NULL),(166,12,7,1,NULL,'2013-06-13 23:24:23',NULL),(167,12,7,2,NULL,'2013-06-13 23:24:23',NULL),(168,12,7,3,NULL,'2013-06-13 23:24:23',NULL),(169,12,7,4,NULL,'2013-06-13 23:24:23',NULL),(170,12,7,5,NULL,'2013-06-13 23:24:23',NULL),(171,12,8,1,NULL,'2013-06-13 23:24:23',NULL),(172,12,8,2,NULL,'2013-06-13 23:24:23',NULL),(173,12,8,3,NULL,'2013-06-13 23:24:23',NULL),(174,12,8,4,NULL,'2013-06-13 23:24:23',NULL),(175,12,8,5,NULL,'2013-06-13 23:24:23',NULL),(176,12,9,1,NULL,'2013-06-13 23:24:23',NULL),(177,12,9,2,NULL,'2013-06-13 23:24:23',NULL),(178,12,9,3,NULL,'2013-06-13 23:24:23',NULL),(179,12,9,4,NULL,'2013-06-13 23:24:23',NULL),(180,12,9,5,NULL,'2013-06-13 23:24:23',NULL),(181,13,1,1,NULL,'2013-06-17 11:59:21',NULL),(182,13,1,2,NULL,'2013-06-17 11:59:21',NULL),(183,13,1,3,NULL,'2013-06-17 11:59:21',NULL),(184,13,1,4,NULL,'2013-06-17 11:59:21',NULL),(185,13,1,5,NULL,'2013-06-17 11:59:21',NULL),(186,13,2,1,NULL,'2013-06-17 11:59:21',NULL),(187,13,2,2,NULL,'2013-06-17 11:59:21',NULL),(188,13,2,3,NULL,'2013-06-17 11:59:21',NULL),(189,13,2,4,NULL,'2013-06-17 11:59:21',NULL),(190,13,2,5,NULL,'2013-06-17 11:59:21',NULL),(191,13,3,1,NULL,'2013-06-17 11:59:21',NULL),(192,13,3,2,NULL,'2013-06-17 11:59:21',NULL),(193,13,3,3,NULL,'2013-06-17 11:59:21',NULL),(194,13,3,4,NULL,'2013-06-17 11:59:21',NULL),(195,13,3,5,NULL,'2013-06-17 11:59:21',NULL),(196,13,4,1,NULL,'2013-06-17 11:59:21',NULL),(197,13,4,2,NULL,'2013-06-17 11:59:21',NULL),(198,13,4,3,NULL,'2013-06-17 11:59:21',NULL),(199,13,4,4,NULL,'2013-06-17 11:59:21',NULL),(200,13,4,5,NULL,'2013-06-17 11:59:21',NULL),(201,13,5,1,NULL,'2013-06-17 11:59:21',NULL),(202,13,5,2,NULL,'2013-06-17 11:59:21',NULL),(203,13,5,3,NULL,'2013-06-17 11:59:21',NULL),(204,13,5,4,NULL,'2013-06-17 11:59:21',NULL),(205,13,5,5,NULL,'2013-06-17 11:59:21',NULL),(206,13,6,1,NULL,'2013-06-17 11:59:21',NULL),(207,13,6,2,NULL,'2013-06-17 11:59:21',NULL),(208,13,6,3,NULL,'2013-06-17 11:59:21',NULL),(209,13,6,4,NULL,'2013-06-17 11:59:21',NULL),(210,13,6,5,NULL,'2013-06-17 11:59:21',NULL),(211,13,7,1,NULL,'2013-06-17 11:59:21',NULL),(212,13,7,2,NULL,'2013-06-17 11:59:21',NULL),(213,13,7,3,NULL,'2013-06-17 11:59:21',NULL),(214,13,7,4,NULL,'2013-06-17 11:59:21',NULL),(215,13,7,5,NULL,'2013-06-17 11:59:21',NULL),(216,13,8,1,NULL,'2013-06-17 11:59:21',NULL),(217,13,8,2,NULL,'2013-06-17 11:59:21',NULL),(218,13,8,3,NULL,'2013-06-17 11:59:21',NULL),(219,13,8,4,NULL,'2013-06-17 11:59:21',NULL),(220,13,8,5,NULL,'2013-06-17 11:59:21',NULL),(221,13,9,1,NULL,'2013-06-17 11:59:21',NULL),(222,13,9,2,NULL,'2013-06-17 11:59:21',NULL),(223,13,9,3,NULL,'2013-06-17 11:59:21',NULL),(224,13,9,4,NULL,'2013-06-17 11:59:21',NULL),(225,13,9,5,NULL,'2013-06-17 11:59:21',NULL),(226,14,1,1,NULL,'2013-06-17 12:11:27',NULL),(227,14,1,2,NULL,'2013-06-17 12:11:27',NULL),(228,14,1,3,NULL,'2013-06-17 12:11:27',NULL),(229,14,1,4,NULL,'2013-06-17 12:11:27',NULL),(230,14,1,5,NULL,'2013-06-17 12:11:27',NULL),(231,14,2,1,NULL,'2013-06-17 12:11:27',NULL),(232,14,2,2,NULL,'2013-06-17 12:11:27',NULL),(233,14,2,3,NULL,'2013-06-17 12:11:27',NULL),(234,14,2,4,NULL,'2013-06-17 12:11:27',NULL),(235,14,2,5,NULL,'2013-06-17 12:11:27',NULL),(236,14,3,1,NULL,'2013-06-17 12:11:27',NULL),(237,14,3,2,NULL,'2013-06-17 12:11:27',NULL),(238,14,3,3,NULL,'2013-06-17 12:11:27',NULL),(239,14,3,4,NULL,'2013-06-17 12:11:27',NULL),(240,14,3,5,NULL,'2013-06-17 12:11:27',NULL),(241,14,4,1,NULL,'2013-06-17 12:11:27',NULL),(242,14,4,2,NULL,'2013-06-17 12:11:27',NULL),(243,14,4,3,NULL,'2013-06-17 12:11:27',NULL),(244,14,4,4,NULL,'2013-06-17 12:11:27',NULL),(245,14,4,5,NULL,'2013-06-17 12:11:27',NULL),(246,14,5,1,NULL,'2013-06-17 12:11:27',NULL),(247,14,5,2,NULL,'2013-06-17 12:11:27',NULL),(248,14,5,3,NULL,'2013-06-17 12:11:27',NULL),(249,14,5,4,NULL,'2013-06-17 12:11:27',NULL),(250,14,5,5,NULL,'2013-06-17 12:11:27',NULL),(251,14,6,1,NULL,'2013-06-17 12:11:27',NULL),(252,14,6,2,NULL,'2013-06-17 12:11:27',NULL),(253,14,6,3,NULL,'2013-06-17 12:11:27',NULL),(254,14,6,4,NULL,'2013-06-17 12:11:27',NULL),(255,14,6,5,NULL,'2013-06-17 12:11:27',NULL),(256,14,7,1,NULL,'2013-06-17 12:11:27',NULL),(257,14,7,2,NULL,'2013-06-17 12:11:27',NULL),(258,14,7,3,NULL,'2013-06-17 12:11:27',NULL),(259,14,7,4,NULL,'2013-06-17 12:11:27',NULL),(260,14,7,5,NULL,'2013-06-17 12:11:27',NULL),(261,14,8,1,NULL,'2013-06-17 12:11:27',NULL),(262,14,8,2,NULL,'2013-06-17 12:11:27',NULL),(263,14,8,3,NULL,'2013-06-17 12:11:27',NULL),(264,14,8,4,NULL,'2013-06-17 12:11:27',NULL),(265,14,8,5,NULL,'2013-06-17 12:11:27',NULL),(266,14,9,1,NULL,'2013-06-17 12:11:27',NULL),(267,14,9,2,NULL,'2013-06-17 12:11:27',NULL),(268,14,9,3,NULL,'2013-06-17 12:11:27',NULL),(269,14,9,4,NULL,'2013-06-17 12:11:27',NULL),(270,14,9,5,NULL,'2013-06-17 12:11:27',NULL),(271,15,1,1,NULL,'2013-06-17 12:12:31',NULL),(272,15,1,2,NULL,'2013-06-17 12:12:31',NULL),(273,15,1,3,NULL,'2013-06-17 12:12:31',NULL),(274,15,1,4,NULL,'2013-06-17 12:12:31',NULL),(275,15,1,5,NULL,'2013-06-17 12:12:31',NULL),(276,15,2,1,NULL,'2013-06-17 12:12:31',NULL),(277,15,2,2,NULL,'2013-06-17 12:12:31',NULL),(278,15,2,3,NULL,'2013-06-17 12:12:31',NULL),(279,15,2,4,NULL,'2013-06-17 12:12:31',NULL),(280,15,2,5,NULL,'2013-06-17 12:12:31',NULL),(281,15,3,1,NULL,'2013-06-17 12:12:31',NULL),(282,15,3,2,NULL,'2013-06-17 12:12:31',NULL),(283,15,3,3,NULL,'2013-06-17 12:12:31',NULL),(284,15,3,4,NULL,'2013-06-17 12:12:31',NULL),(285,15,3,5,NULL,'2013-06-17 12:12:31',NULL),(286,15,4,1,NULL,'2013-06-17 12:12:31',NULL),(287,15,4,2,NULL,'2013-06-17 12:12:31',NULL),(288,15,4,3,NULL,'2013-06-17 12:12:31',NULL),(289,15,4,4,NULL,'2013-06-17 12:12:31',NULL),(290,15,4,5,NULL,'2013-06-17 12:12:31',NULL),(291,15,5,1,NULL,'2013-06-17 12:12:31',NULL),(292,15,5,2,NULL,'2013-06-17 12:12:31',NULL),(293,15,5,3,NULL,'2013-06-17 12:12:31',NULL),(294,15,5,4,NULL,'2013-06-17 12:12:31',NULL),(295,15,5,5,NULL,'2013-06-17 12:12:31',NULL),(296,15,6,1,NULL,'2013-06-17 12:12:31',NULL),(297,15,6,2,NULL,'2013-06-17 12:12:31',NULL),(298,15,6,3,NULL,'2013-06-17 12:12:31',NULL),(299,15,6,4,NULL,'2013-06-17 12:12:31',NULL),(300,15,6,5,NULL,'2013-06-17 12:12:31',NULL),(301,15,7,1,NULL,'2013-06-17 12:12:31',NULL),(302,15,7,2,NULL,'2013-06-17 12:12:31',NULL),(303,15,7,3,NULL,'2013-06-17 12:12:31',NULL),(304,15,7,4,NULL,'2013-06-17 12:12:31',NULL),(305,15,7,5,NULL,'2013-06-17 12:12:31',NULL),(306,15,8,1,NULL,'2013-06-17 12:12:31',NULL),(307,15,8,2,NULL,'2013-06-17 12:12:31',NULL),(308,15,8,3,NULL,'2013-06-17 12:12:31',NULL),(309,15,8,4,NULL,'2013-06-17 12:12:31',NULL),(310,15,8,5,NULL,'2013-06-17 12:12:31',NULL),(311,15,9,1,NULL,'2013-06-17 12:12:31',NULL),(312,15,9,2,NULL,'2013-06-17 12:12:31',NULL),(313,15,9,3,NULL,'2013-06-17 12:12:31',NULL),(314,15,9,4,NULL,'2013-06-17 12:12:31',NULL),(315,15,9,5,NULL,'2013-06-17 12:12:31',NULL),(316,16,1,1,NULL,'2013-06-17 12:16:43',NULL),(317,16,1,2,NULL,'2013-06-17 12:16:43',NULL),(318,16,1,3,NULL,'2013-06-17 12:16:43',NULL),(319,16,1,4,NULL,'2013-06-17 12:16:43',NULL),(320,16,1,5,NULL,'2013-06-17 12:16:43',NULL),(321,16,2,1,NULL,'2013-06-17 12:16:43',NULL),(322,16,2,2,NULL,'2013-06-17 12:16:43',NULL),(323,16,2,3,NULL,'2013-06-17 12:16:43',NULL),(324,16,2,4,NULL,'2013-06-17 12:16:43',NULL),(325,16,2,5,NULL,'2013-06-17 12:16:43',NULL),(326,16,3,1,NULL,'2013-06-17 12:16:43',NULL),(327,16,3,2,NULL,'2013-06-17 12:16:43',NULL),(328,16,3,3,NULL,'2013-06-17 12:16:43',NULL),(329,16,3,4,NULL,'2013-06-17 12:16:43',NULL),(330,16,3,5,NULL,'2013-06-17 12:16:43',NULL),(331,16,4,1,NULL,'2013-06-17 12:16:43',NULL),(332,16,4,2,NULL,'2013-06-17 12:16:43',NULL),(333,16,4,3,NULL,'2013-06-17 12:16:43',NULL),(334,16,4,4,NULL,'2013-06-17 12:16:43',NULL),(335,16,4,5,NULL,'2013-06-17 12:16:43',NULL),(336,16,5,1,NULL,'2013-06-17 12:16:43',NULL),(337,16,5,2,NULL,'2013-06-17 12:16:43',NULL),(338,16,5,3,NULL,'2013-06-17 12:16:43',NULL),(339,16,5,4,NULL,'2013-06-17 12:16:43',NULL),(340,16,5,5,NULL,'2013-06-17 12:16:43',NULL),(341,16,6,1,NULL,'2013-06-17 12:16:43',NULL),(342,16,6,2,NULL,'2013-06-17 12:16:43',NULL),(343,16,6,3,NULL,'2013-06-17 12:16:43',NULL),(344,16,6,4,NULL,'2013-06-17 12:16:43',NULL),(345,16,6,5,NULL,'2013-06-17 12:16:43',NULL),(346,16,7,1,NULL,'2013-06-17 12:16:43',NULL),(347,16,7,2,NULL,'2013-06-17 12:16:43',NULL),(348,16,7,3,NULL,'2013-06-17 12:16:43',NULL),(349,16,7,4,NULL,'2013-06-17 12:16:43',NULL),(350,16,7,5,NULL,'2013-06-17 12:16:43',NULL),(351,16,8,1,NULL,'2013-06-17 12:16:43',NULL),(352,16,8,2,NULL,'2013-06-17 12:16:43',NULL),(353,16,8,3,NULL,'2013-06-17 12:16:43',NULL),(354,16,8,4,NULL,'2013-06-17 12:16:43',NULL),(355,16,8,5,NULL,'2013-06-17 12:16:43',NULL),(356,16,9,1,NULL,'2013-06-17 12:16:43',NULL),(357,16,9,2,NULL,'2013-06-17 12:16:43',NULL),(358,16,9,3,NULL,'2013-06-17 12:16:43',NULL),(359,16,9,4,NULL,'2013-06-17 12:16:43',NULL),(360,16,9,5,NULL,'2013-06-17 12:16:43',NULL),(361,17,1,1,NULL,'2013-06-17 12:26:02',NULL),(362,17,1,2,NULL,'2013-06-17 12:26:02',NULL),(363,17,1,3,NULL,'2013-06-17 12:26:02',NULL),(364,17,1,4,NULL,'2013-06-17 12:26:02',NULL),(365,17,1,5,NULL,'2013-06-17 12:26:02',NULL),(366,17,2,1,NULL,'2013-06-17 12:26:02',NULL),(367,17,2,2,NULL,'2013-06-17 12:26:02',NULL),(368,17,2,3,NULL,'2013-06-17 12:26:02',NULL),(369,17,2,4,NULL,'2013-06-17 12:26:02',NULL),(370,17,2,5,NULL,'2013-06-17 12:26:02',NULL),(371,17,3,1,NULL,'2013-06-17 12:26:02',NULL),(372,17,3,2,NULL,'2013-06-17 12:26:02',NULL),(373,17,3,3,NULL,'2013-06-17 12:26:02',NULL),(374,17,3,4,NULL,'2013-06-17 12:26:02',NULL),(375,17,3,5,NULL,'2013-06-17 12:26:02',NULL),(376,17,4,1,NULL,'2013-06-17 12:26:02',NULL),(377,17,4,2,NULL,'2013-06-17 12:26:02',NULL),(378,17,4,3,NULL,'2013-06-17 12:26:02',NULL),(379,17,4,4,NULL,'2013-06-17 12:26:02',NULL),(380,17,4,5,NULL,'2013-06-17 12:26:02',NULL),(381,17,5,1,NULL,'2013-06-17 12:26:02',NULL),(382,17,5,2,NULL,'2013-06-17 12:26:02',NULL),(383,17,5,3,NULL,'2013-06-17 12:26:02',NULL),(384,17,5,4,NULL,'2013-06-17 12:26:02',NULL),(385,17,5,5,NULL,'2013-06-17 12:26:02',NULL),(386,17,6,1,NULL,'2013-06-17 12:26:02',NULL),(387,17,6,2,NULL,'2013-06-17 12:26:02',NULL),(388,17,6,3,NULL,'2013-06-17 12:26:02',NULL),(389,17,6,4,NULL,'2013-06-17 12:26:02',NULL),(390,17,6,5,NULL,'2013-06-17 12:26:02',NULL),(391,17,7,1,NULL,'2013-06-17 12:26:02',NULL),(392,17,7,2,NULL,'2013-06-17 12:26:02',NULL),(393,17,7,3,NULL,'2013-06-17 12:26:02',NULL),(394,17,7,4,NULL,'2013-06-17 12:26:02',NULL),(395,17,7,5,NULL,'2013-06-17 12:26:02',NULL),(396,17,8,1,NULL,'2013-06-17 12:26:02',NULL),(397,17,8,2,NULL,'2013-06-17 12:26:02',NULL),(398,17,8,3,NULL,'2013-06-17 12:26:02',NULL),(399,17,8,4,NULL,'2013-06-17 12:26:02',NULL),(400,17,8,5,NULL,'2013-06-17 12:26:02',NULL),(401,17,9,1,NULL,'2013-06-17 12:26:02',NULL),(402,17,9,2,NULL,'2013-06-17 12:26:02',NULL),(403,17,9,3,NULL,'2013-06-17 12:26:02',NULL),(404,17,9,4,NULL,'2013-06-17 12:26:02',NULL),(405,17,9,5,NULL,'2013-06-17 12:26:02',NULL),(406,18,1,1,NULL,'2013-06-17 14:22:33',NULL),(407,18,1,2,NULL,'2013-06-17 14:22:33',NULL),(408,18,1,3,NULL,'2013-06-17 14:22:33',NULL),(409,18,1,4,NULL,'2013-06-17 14:22:33',NULL),(410,18,1,5,NULL,'2013-06-17 14:22:33',NULL),(411,18,2,1,NULL,'2013-06-17 14:22:33',NULL),(412,18,2,2,NULL,'2013-06-17 14:22:33',NULL),(413,18,2,3,NULL,'2013-06-17 14:22:33',NULL),(414,18,2,4,NULL,'2013-06-17 14:22:33',NULL),(415,18,2,5,NULL,'2013-06-17 14:22:33',NULL),(416,18,3,1,NULL,'2013-06-17 14:22:33',NULL),(417,18,3,2,NULL,'2013-06-17 14:22:33',NULL),(418,18,3,3,NULL,'2013-06-17 14:22:33',NULL),(419,18,3,4,NULL,'2013-06-17 14:22:33',NULL),(420,18,3,5,NULL,'2013-06-17 14:22:33',NULL),(421,18,4,1,NULL,'2013-06-17 14:22:33',NULL),(422,18,4,2,NULL,'2013-06-17 14:22:33',NULL),(423,18,4,3,NULL,'2013-06-17 14:22:33',NULL),(424,18,4,4,NULL,'2013-06-17 14:22:33',NULL),(425,18,4,5,NULL,'2013-06-17 14:22:33',NULL),(426,18,5,1,NULL,'2013-06-17 14:22:33',NULL),(427,18,5,2,NULL,'2013-06-17 14:22:33',NULL),(428,18,5,3,NULL,'2013-06-17 14:22:33',NULL),(429,18,5,4,NULL,'2013-06-17 14:22:33',NULL),(430,18,5,5,NULL,'2013-06-17 14:22:33',NULL),(431,18,6,1,NULL,'2013-06-17 14:22:33',NULL),(432,18,6,2,NULL,'2013-06-17 14:22:33',NULL),(433,18,6,3,NULL,'2013-06-17 14:22:33',NULL),(434,18,6,4,NULL,'2013-06-17 14:22:33',NULL),(435,18,6,5,NULL,'2013-06-17 14:22:33',NULL),(436,18,7,1,NULL,'2013-06-17 14:22:33',NULL),(437,18,7,2,NULL,'2013-06-17 14:22:33',NULL),(438,18,7,3,NULL,'2013-06-17 14:22:33',NULL),(439,18,7,4,NULL,'2013-06-17 14:22:33',NULL),(440,18,7,5,NULL,'2013-06-17 14:22:33',NULL),(441,18,8,1,NULL,'2013-06-17 14:22:33',NULL),(442,18,8,2,NULL,'2013-06-17 14:22:33',NULL),(443,18,8,3,NULL,'2013-06-17 14:22:33',NULL),(444,18,8,4,NULL,'2013-06-17 14:22:33',NULL),(445,18,8,5,NULL,'2013-06-17 14:22:33',NULL),(446,18,9,1,NULL,'2013-06-17 14:22:33',NULL),(447,18,9,2,NULL,'2013-06-17 14:22:33',NULL),(448,18,9,3,NULL,'2013-06-17 14:22:33',NULL),(449,18,9,4,NULL,'2013-06-17 14:22:33',NULL),(450,18,9,5,NULL,'2013-06-17 14:22:33',NULL),(451,19,1,1,NULL,'2013-06-17 14:24:40',NULL),(452,19,1,2,NULL,'2013-06-17 14:24:40',NULL),(453,19,1,3,NULL,'2013-06-17 14:24:40',NULL),(454,19,1,4,NULL,'2013-06-17 14:24:40',NULL),(455,19,1,5,NULL,'2013-06-17 14:24:40',NULL),(456,19,2,1,NULL,'2013-06-17 14:24:40',NULL),(457,19,2,2,NULL,'2013-06-17 14:24:40',NULL),(458,19,2,3,NULL,'2013-06-17 14:24:40',NULL),(459,19,2,4,NULL,'2013-06-17 14:24:40',NULL),(460,19,2,5,NULL,'2013-06-17 14:24:40',NULL),(461,19,3,1,NULL,'2013-06-17 14:24:40',NULL),(462,19,3,2,NULL,'2013-06-17 14:24:40',NULL),(463,19,3,3,NULL,'2013-06-17 14:24:40',NULL),(464,19,3,4,NULL,'2013-06-17 14:24:40',NULL),(465,19,3,5,NULL,'2013-06-17 14:24:40',NULL),(466,19,4,1,NULL,'2013-06-17 14:24:40',NULL),(467,19,4,2,NULL,'2013-06-17 14:24:40',NULL),(468,19,4,3,NULL,'2013-06-17 14:24:40',NULL),(469,19,4,4,NULL,'2013-06-17 14:24:40',NULL),(470,19,4,5,NULL,'2013-06-17 14:24:40',NULL),(471,19,5,1,NULL,'2013-06-17 14:24:40',NULL),(472,19,5,2,NULL,'2013-06-17 14:24:40',NULL),(473,19,5,3,NULL,'2013-06-17 14:24:40',NULL),(474,19,5,4,NULL,'2013-06-17 14:24:40',NULL),(475,19,5,5,NULL,'2013-06-17 14:24:40',NULL),(476,19,6,1,NULL,'2013-06-17 14:24:40',NULL),(477,19,6,2,NULL,'2013-06-17 14:24:40',NULL),(478,19,6,3,NULL,'2013-06-17 14:24:40',NULL),(479,19,6,4,NULL,'2013-06-17 14:24:40',NULL),(480,19,6,5,NULL,'2013-06-17 14:24:40',NULL),(481,19,7,1,NULL,'2013-06-17 14:24:40',NULL),(482,19,7,2,NULL,'2013-06-17 14:24:40',NULL),(483,19,7,3,NULL,'2013-06-17 14:24:41',NULL),(484,19,7,4,NULL,'2013-06-17 14:24:41',NULL),(485,19,7,5,NULL,'2013-06-17 14:24:41',NULL),(486,19,8,1,NULL,'2013-06-17 14:24:41',NULL),(487,19,8,2,NULL,'2013-06-17 14:24:41',NULL),(488,19,8,3,NULL,'2013-06-17 14:24:41',NULL),(489,19,8,4,NULL,'2013-06-17 14:24:41',NULL),(490,19,8,5,NULL,'2013-06-17 14:24:41',NULL),(491,19,9,1,NULL,'2013-06-17 14:24:41',NULL),(492,19,9,2,NULL,'2013-06-17 14:24:41',NULL),(493,19,9,3,NULL,'2013-06-17 14:24:41',NULL),(494,19,9,4,NULL,'2013-06-17 14:24:41',NULL),(495,19,9,5,NULL,'2013-06-17 14:24:41',NULL),(496,20,1,1,NULL,'2013-06-17 14:26:16',NULL),(497,20,1,2,NULL,'2013-06-17 14:26:16',NULL),(498,20,1,3,NULL,'2013-06-17 14:26:16',NULL),(499,20,1,4,NULL,'2013-06-17 14:26:16',NULL),(500,20,1,5,NULL,'2013-06-17 14:26:16',NULL),(501,20,2,1,NULL,'2013-06-17 14:26:16',NULL),(502,20,2,2,NULL,'2013-06-17 14:26:16',NULL),(503,20,2,3,NULL,'2013-06-17 14:26:16',NULL),(504,20,2,4,NULL,'2013-06-17 14:26:16',NULL),(505,20,2,5,NULL,'2013-06-17 14:26:16',NULL),(506,20,3,1,NULL,'2013-06-17 14:26:16',NULL),(507,20,3,2,NULL,'2013-06-17 14:26:16',NULL),(508,20,3,3,NULL,'2013-06-17 14:26:16',NULL),(509,20,3,4,NULL,'2013-06-17 14:26:16',NULL),(510,20,3,5,NULL,'2013-06-17 14:26:16',NULL),(511,20,4,1,NULL,'2013-06-17 14:26:16',NULL),(512,20,4,2,NULL,'2013-06-17 14:26:16',NULL),(513,20,4,3,NULL,'2013-06-17 14:26:16',NULL),(514,20,4,4,NULL,'2013-06-17 14:26:16',NULL),(515,20,4,5,NULL,'2013-06-17 14:26:16',NULL),(516,20,5,1,NULL,'2013-06-17 14:26:16',NULL),(517,20,5,2,NULL,'2013-06-17 14:26:16',NULL),(518,20,5,3,NULL,'2013-06-17 14:26:16',NULL),(519,20,5,4,NULL,'2013-06-17 14:26:16',NULL),(520,20,5,5,NULL,'2013-06-17 14:26:16',NULL),(521,20,6,1,NULL,'2013-06-17 14:26:16',NULL),(522,20,6,2,NULL,'2013-06-17 14:26:16',NULL),(523,20,6,3,NULL,'2013-06-17 14:26:16',NULL),(524,20,6,4,NULL,'2013-06-17 14:26:16',NULL),(525,20,6,5,NULL,'2013-06-17 14:26:16',NULL),(526,20,7,1,NULL,'2013-06-17 14:26:16',NULL),(527,20,7,2,NULL,'2013-06-17 14:26:16',NULL),(528,20,7,3,NULL,'2013-06-17 14:26:16',NULL),(529,20,7,4,NULL,'2013-06-17 14:26:16',NULL),(530,20,7,5,NULL,'2013-06-17 14:26:16',NULL),(531,20,8,1,NULL,'2013-06-17 14:26:16',NULL),(532,20,8,2,NULL,'2013-06-17 14:26:16',NULL),(533,20,8,3,NULL,'2013-06-17 14:26:16',NULL),(534,20,8,4,NULL,'2013-06-17 14:26:16',NULL),(535,20,8,5,NULL,'2013-06-17 14:26:16',NULL),(536,20,9,1,NULL,'2013-06-17 14:26:16',NULL),(537,20,9,2,NULL,'2013-06-17 14:26:16',NULL),(538,20,9,3,NULL,'2013-06-17 14:26:16',NULL),(539,20,9,4,NULL,'2013-06-17 14:26:16',NULL),(540,20,9,5,NULL,'2013-06-17 14:26:16',NULL),(541,21,1,1,NULL,'2013-06-17 14:31:17',NULL),(542,21,1,2,NULL,'2013-06-17 14:31:17',NULL),(543,21,1,3,NULL,'2013-06-17 14:31:17',NULL),(544,21,1,4,NULL,'2013-06-17 14:31:17',NULL),(545,21,1,5,NULL,'2013-06-17 14:31:17',NULL),(546,21,2,1,NULL,'2013-06-17 14:31:17',NULL),(547,21,2,2,NULL,'2013-06-17 14:31:17',NULL),(548,21,2,3,NULL,'2013-06-17 14:31:17',NULL),(549,21,2,4,NULL,'2013-06-17 14:31:17',NULL),(550,21,2,5,NULL,'2013-06-17 14:31:17',NULL),(551,21,3,1,NULL,'2013-06-17 14:31:17',NULL),(552,21,3,2,NULL,'2013-06-17 14:31:17',NULL),(553,21,3,3,NULL,'2013-06-17 14:31:17',NULL),(554,21,3,4,NULL,'2013-06-17 14:31:17',NULL),(555,21,3,5,NULL,'2013-06-17 14:31:17',NULL),(556,21,4,1,NULL,'2013-06-17 14:31:17',NULL),(557,21,4,2,NULL,'2013-06-17 14:31:17',NULL),(558,21,4,3,NULL,'2013-06-17 14:31:17',NULL),(559,21,4,4,NULL,'2013-06-17 14:31:17',NULL),(560,21,4,5,NULL,'2013-06-17 14:31:17',NULL),(561,21,5,1,NULL,'2013-06-17 14:31:17',NULL),(562,21,5,2,NULL,'2013-06-17 14:31:17',NULL),(563,21,5,3,NULL,'2013-06-17 14:31:17',NULL),(564,21,5,4,NULL,'2013-06-17 14:31:17',NULL),(565,21,5,5,NULL,'2013-06-17 14:31:17',NULL),(566,21,6,1,NULL,'2013-06-17 14:31:17',NULL),(567,21,6,2,NULL,'2013-06-17 14:31:17',NULL),(568,21,6,3,NULL,'2013-06-17 14:31:17',NULL),(569,21,6,4,NULL,'2013-06-17 14:31:17',NULL),(570,21,6,5,NULL,'2013-06-17 14:31:17',NULL),(571,21,7,1,NULL,'2013-06-17 14:31:17',NULL),(572,21,7,2,NULL,'2013-06-17 14:31:17',NULL),(573,21,7,3,NULL,'2013-06-17 14:31:17',NULL),(574,21,7,4,NULL,'2013-06-17 14:31:17',NULL),(575,21,7,5,NULL,'2013-06-17 14:31:17',NULL),(576,21,8,1,NULL,'2013-06-17 14:31:17',NULL),(577,21,8,2,NULL,'2013-06-17 14:31:17',NULL),(578,21,8,3,NULL,'2013-06-17 14:31:17',NULL),(579,21,8,4,NULL,'2013-06-17 14:31:17',NULL),(580,21,8,5,NULL,'2013-06-17 14:31:17',NULL),(581,21,9,1,NULL,'2013-06-17 14:31:17',NULL),(582,21,9,2,NULL,'2013-06-17 14:31:17',NULL),(583,21,9,3,NULL,'2013-06-17 14:31:17',NULL),(584,21,9,4,NULL,'2013-06-17 14:31:17',NULL),(585,21,9,5,NULL,'2013-06-17 14:31:17',NULL),(586,22,1,1,NULL,'2013-06-17 16:28:44',NULL),(587,22,1,2,NULL,'2013-06-17 16:28:44',NULL),(588,22,1,3,NULL,'2013-06-17 16:28:44',NULL),(589,22,1,4,NULL,'2013-06-17 16:28:44',NULL),(590,22,1,5,NULL,'2013-06-17 16:28:44',NULL),(591,22,2,1,NULL,'2013-06-17 16:28:44',NULL),(592,22,2,2,NULL,'2013-06-17 16:28:44',NULL),(593,22,2,3,NULL,'2013-06-17 16:28:44',NULL),(594,22,2,4,NULL,'2013-06-17 16:28:44',NULL),(595,22,2,5,NULL,'2013-06-17 16:28:44',NULL),(596,22,3,1,NULL,'2013-06-17 16:28:44',NULL),(597,22,3,2,NULL,'2013-06-17 16:28:44',NULL),(598,22,3,3,NULL,'2013-06-17 16:28:44',NULL),(599,22,3,4,NULL,'2013-06-17 16:28:44',NULL),(600,22,3,5,NULL,'2013-06-17 16:28:44',NULL),(601,22,4,1,NULL,'2013-06-17 16:28:44',NULL),(602,22,4,2,NULL,'2013-06-17 16:28:44',NULL),(603,22,4,3,NULL,'2013-06-17 16:28:44',NULL),(604,22,4,4,NULL,'2013-06-17 16:28:44',NULL),(605,22,4,5,NULL,'2013-06-17 16:28:44',NULL),(606,22,5,1,NULL,'2013-06-17 16:28:44',NULL),(607,22,5,2,NULL,'2013-06-17 16:28:44',NULL),(608,22,5,3,NULL,'2013-06-17 16:28:44',NULL),(609,22,5,4,NULL,'2013-06-17 16:28:44',NULL),(610,22,5,5,NULL,'2013-06-17 16:28:44',NULL),(611,22,6,1,NULL,'2013-06-17 16:28:44',NULL),(612,22,6,2,NULL,'2013-06-17 16:28:44',NULL),(613,22,6,3,NULL,'2013-06-17 16:28:44',NULL),(614,22,6,4,NULL,'2013-06-17 16:28:44',NULL),(615,22,6,5,NULL,'2013-06-17 16:28:44',NULL),(616,22,7,1,NULL,'2013-06-17 16:28:44',NULL),(617,22,7,2,NULL,'2013-06-17 16:28:44',NULL),(618,22,7,3,NULL,'2013-06-17 16:28:44',NULL),(619,22,7,4,NULL,'2013-06-17 16:28:44',NULL),(620,22,7,5,NULL,'2013-06-17 16:28:44',NULL),(621,22,8,1,NULL,'2013-06-17 16:28:44',NULL),(622,22,8,2,NULL,'2013-06-17 16:28:44',NULL),(623,22,8,3,NULL,'2013-06-17 16:28:44',NULL),(624,22,8,4,NULL,'2013-06-17 16:28:44',NULL),(625,22,8,5,NULL,'2013-06-17 16:28:44',NULL),(626,22,9,1,NULL,'2013-06-17 16:28:44',NULL),(627,22,9,2,NULL,'2013-06-17 16:28:44',NULL),(628,22,9,3,NULL,'2013-06-17 16:28:44',NULL),(629,22,9,4,NULL,'2013-06-17 16:28:44',NULL),(630,22,9,5,NULL,'2013-06-17 16:28:44',NULL),(631,23,1,1,NULL,'2013-06-17 16:31:08',NULL),(632,23,1,2,NULL,'2013-06-17 16:31:08',NULL),(633,23,1,3,NULL,'2013-06-17 16:31:08',NULL),(634,23,1,4,NULL,'2013-06-17 16:31:08',NULL),(635,23,1,5,NULL,'2013-06-17 16:31:08',NULL),(636,23,2,1,NULL,'2013-06-17 16:31:08',NULL),(637,23,2,2,NULL,'2013-06-17 16:31:08',NULL),(638,23,2,3,NULL,'2013-06-17 16:31:08',NULL),(639,23,2,4,NULL,'2013-06-17 16:31:08',NULL),(640,23,2,5,NULL,'2013-06-17 16:31:08',NULL),(641,23,3,1,NULL,'2013-06-17 16:31:08',NULL),(642,23,3,2,NULL,'2013-06-17 16:31:08',NULL),(643,23,3,3,NULL,'2013-06-17 16:31:08',NULL),(644,23,3,4,NULL,'2013-06-17 16:31:08',NULL),(645,23,3,5,NULL,'2013-06-17 16:31:08',NULL),(646,23,4,1,NULL,'2013-06-17 16:31:08',NULL),(647,23,4,2,NULL,'2013-06-17 16:31:08',NULL),(648,23,4,3,NULL,'2013-06-17 16:31:08',NULL),(649,23,4,4,NULL,'2013-06-17 16:31:08',NULL),(650,23,4,5,NULL,'2013-06-17 16:31:08',NULL),(651,23,5,1,NULL,'2013-06-17 16:31:08',NULL),(652,23,5,2,NULL,'2013-06-17 16:31:08',NULL),(653,23,5,3,NULL,'2013-06-17 16:31:08',NULL),(654,23,5,4,NULL,'2013-06-17 16:31:08',NULL),(655,23,5,5,NULL,'2013-06-17 16:31:08',NULL),(656,23,6,1,NULL,'2013-06-17 16:31:08',NULL),(657,23,6,2,NULL,'2013-06-17 16:31:08',NULL),(658,23,6,3,NULL,'2013-06-17 16:31:08',NULL),(659,23,6,4,NULL,'2013-06-17 16:31:08',NULL),(660,23,6,5,NULL,'2013-06-17 16:31:08',NULL),(661,23,7,1,NULL,'2013-06-17 16:31:08',NULL),(662,23,7,2,NULL,'2013-06-17 16:31:08',NULL),(663,23,7,3,NULL,'2013-06-17 16:31:08',NULL),(664,23,7,4,NULL,'2013-06-17 16:31:08',NULL),(665,23,7,5,NULL,'2013-06-17 16:31:08',NULL),(666,23,8,1,NULL,'2013-06-17 16:31:08',NULL),(667,23,8,2,NULL,'2013-06-17 16:31:08',NULL),(668,23,8,3,NULL,'2013-06-17 16:31:08',NULL),(669,23,8,4,NULL,'2013-06-17 16:31:08',NULL),(670,23,8,5,NULL,'2013-06-17 16:31:08',NULL),(671,23,9,1,NULL,'2013-06-17 16:31:08',NULL),(672,23,9,2,NULL,'2013-06-17 16:31:08',NULL),(673,23,9,3,NULL,'2013-06-17 16:31:08',NULL),(674,23,9,4,NULL,'2013-06-17 16:31:08',NULL),(675,23,9,5,NULL,'2013-06-17 16:31:08',NULL),(676,24,1,1,NULL,'2013-06-17 16:33:07',NULL),(677,24,1,2,NULL,'2013-06-17 16:33:07',NULL),(678,24,1,3,NULL,'2013-06-17 16:33:07',NULL),(679,24,1,4,NULL,'2013-06-17 16:33:07',NULL),(680,24,1,5,NULL,'2013-06-17 16:33:07',NULL),(681,24,2,1,NULL,'2013-06-17 16:33:07',NULL),(682,24,2,2,NULL,'2013-06-17 16:33:07',NULL),(683,24,2,3,NULL,'2013-06-17 16:33:07',NULL),(684,24,2,4,NULL,'2013-06-17 16:33:07',NULL),(685,24,2,5,NULL,'2013-06-17 16:33:07',NULL),(686,24,3,1,NULL,'2013-06-17 16:33:07',NULL),(687,24,3,2,NULL,'2013-06-17 16:33:07',NULL),(688,24,3,3,NULL,'2013-06-17 16:33:07',NULL),(689,24,3,4,NULL,'2013-06-17 16:33:07',NULL),(690,24,3,5,NULL,'2013-06-17 16:33:07',NULL),(691,24,4,1,NULL,'2013-06-17 16:33:07',NULL),(692,24,4,2,NULL,'2013-06-17 16:33:07',NULL),(693,24,4,3,NULL,'2013-06-17 16:33:07',NULL),(694,24,4,4,NULL,'2013-06-17 16:33:07',NULL),(695,24,4,5,NULL,'2013-06-17 16:33:07',NULL),(696,24,5,1,NULL,'2013-06-17 16:33:07',NULL),(697,24,5,2,NULL,'2013-06-17 16:33:07',NULL),(698,24,5,3,NULL,'2013-06-17 16:33:07',NULL),(699,24,5,4,NULL,'2013-06-17 16:33:07',NULL),(700,24,5,5,NULL,'2013-06-17 16:33:07',NULL),(701,24,6,1,NULL,'2013-06-17 16:33:07',NULL),(702,24,6,2,NULL,'2013-06-17 16:33:07',NULL),(703,24,6,3,NULL,'2013-06-17 16:33:07',NULL),(704,24,6,4,NULL,'2013-06-17 16:33:07',NULL),(705,24,6,5,NULL,'2013-06-17 16:33:07',NULL),(706,24,7,1,NULL,'2013-06-17 16:33:07',NULL),(707,24,7,2,NULL,'2013-06-17 16:33:07',NULL),(708,24,7,3,NULL,'2013-06-17 16:33:07',NULL),(709,24,7,4,NULL,'2013-06-17 16:33:07',NULL),(710,24,7,5,NULL,'2013-06-17 16:33:07',NULL),(711,24,8,1,NULL,'2013-06-17 16:33:07',NULL),(712,24,8,2,NULL,'2013-06-17 16:33:08',NULL),(713,24,8,3,NULL,'2013-06-17 16:33:08',NULL),(714,24,8,4,NULL,'2013-06-17 16:33:08',NULL),(715,24,8,5,NULL,'2013-06-17 16:33:08',NULL),(716,24,9,1,NULL,'2013-06-17 16:33:08',NULL),(717,24,9,2,NULL,'2013-06-17 16:33:08',NULL),(718,24,9,3,NULL,'2013-06-17 16:33:08',NULL),(719,24,9,4,NULL,'2013-06-17 16:33:08',NULL),(720,24,9,5,NULL,'2013-06-17 16:33:08',NULL),(721,25,1,1,NULL,'2013-06-17 16:33:31',NULL),(722,25,1,2,NULL,'2013-06-17 16:33:31',NULL),(723,25,1,3,NULL,'2013-06-17 16:33:31',NULL),(724,25,1,4,NULL,'2013-06-17 16:33:31',NULL),(725,25,1,5,NULL,'2013-06-17 16:33:31',NULL),(726,25,2,1,NULL,'2013-06-17 16:33:31',NULL),(727,25,2,2,NULL,'2013-06-17 16:33:31',NULL),(728,25,2,3,NULL,'2013-06-17 16:33:31',NULL),(729,25,2,4,NULL,'2013-06-17 16:33:31',NULL),(730,25,2,5,NULL,'2013-06-17 16:33:31',NULL),(731,25,3,1,NULL,'2013-06-17 16:33:31',NULL),(732,25,3,2,NULL,'2013-06-17 16:33:31',NULL),(733,25,3,3,NULL,'2013-06-17 16:33:31',NULL),(734,25,3,4,NULL,'2013-06-17 16:33:31',NULL),(735,25,3,5,NULL,'2013-06-17 16:33:31',NULL),(736,25,4,1,NULL,'2013-06-17 16:33:31',NULL),(737,25,4,2,NULL,'2013-06-17 16:33:31',NULL),(738,25,4,3,NULL,'2013-06-17 16:33:31',NULL),(739,25,4,4,NULL,'2013-06-17 16:33:31',NULL),(740,25,4,5,NULL,'2013-06-17 16:33:31',NULL),(741,25,5,1,NULL,'2013-06-17 16:33:31',NULL),(742,25,5,2,NULL,'2013-06-17 16:33:31',NULL),(743,25,5,3,NULL,'2013-06-17 16:33:31',NULL),(744,25,5,4,NULL,'2013-06-17 16:33:31',NULL),(745,25,5,5,NULL,'2013-06-17 16:33:31',NULL),(746,25,6,1,NULL,'2013-06-17 16:33:31',NULL),(747,25,6,2,NULL,'2013-06-17 16:33:31',NULL),(748,25,6,3,NULL,'2013-06-17 16:33:31',NULL),(749,25,6,4,NULL,'2013-06-17 16:33:31',NULL),(750,25,6,5,NULL,'2013-06-17 16:33:31',NULL),(751,25,7,1,NULL,'2013-06-17 16:33:31',NULL),(752,25,7,2,NULL,'2013-06-17 16:33:31',NULL),(753,25,7,3,NULL,'2013-06-17 16:33:31',NULL),(754,25,7,4,NULL,'2013-06-17 16:33:31',NULL),(755,25,7,5,NULL,'2013-06-17 16:33:31',NULL),(756,25,8,1,NULL,'2013-06-17 16:33:31',NULL),(757,25,8,2,NULL,'2013-06-17 16:33:31',NULL),(758,25,8,3,NULL,'2013-06-17 16:33:31',NULL),(759,25,8,4,NULL,'2013-06-17 16:33:31',NULL),(760,25,8,5,NULL,'2013-06-17 16:33:31',NULL),(761,25,9,1,NULL,'2013-06-17 16:33:31',NULL),(762,25,9,2,NULL,'2013-06-17 16:33:31',NULL),(763,25,9,3,NULL,'2013-06-17 16:33:31',NULL),(764,25,9,4,NULL,'2013-06-17 16:33:31',NULL),(765,25,9,5,NULL,'2013-06-17 16:33:31',NULL),(766,26,1,1,NULL,'2013-06-17 16:33:58',NULL),(767,26,1,2,NULL,'2013-06-17 16:33:58',NULL),(768,26,1,3,NULL,'2013-06-17 16:33:58',NULL),(769,26,1,4,NULL,'2013-06-17 16:33:58',NULL),(770,26,1,5,NULL,'2013-06-17 16:33:58',NULL),(771,26,2,1,NULL,'2013-06-17 16:33:58',NULL),(772,26,2,2,NULL,'2013-06-17 16:33:58',NULL),(773,26,2,3,NULL,'2013-06-17 16:33:58',NULL),(774,26,2,4,NULL,'2013-06-17 16:33:58',NULL),(775,26,2,5,NULL,'2013-06-17 16:33:58',NULL),(776,26,3,1,NULL,'2013-06-17 16:33:58',NULL),(777,26,3,2,NULL,'2013-06-17 16:33:58',NULL),(778,26,3,3,NULL,'2013-06-17 16:33:58',NULL),(779,26,3,4,NULL,'2013-06-17 16:33:58',NULL),(780,26,3,5,NULL,'2013-06-17 16:33:58',NULL),(781,26,4,1,NULL,'2013-06-17 16:33:58',NULL),(782,26,4,2,NULL,'2013-06-17 16:33:58',NULL),(783,26,4,3,NULL,'2013-06-17 16:33:58',NULL),(784,26,4,4,NULL,'2013-06-17 16:33:58',NULL),(785,26,4,5,NULL,'2013-06-17 16:33:58',NULL),(786,26,5,1,NULL,'2013-06-17 16:33:58',NULL),(787,26,5,2,NULL,'2013-06-17 16:33:58',NULL),(788,26,5,3,NULL,'2013-06-17 16:33:58',NULL),(789,26,5,4,NULL,'2013-06-17 16:33:58',NULL),(790,26,5,5,NULL,'2013-06-17 16:33:58',NULL),(791,26,6,1,NULL,'2013-06-17 16:33:58',NULL),(792,26,6,2,NULL,'2013-06-17 16:33:59',NULL),(793,26,6,3,NULL,'2013-06-17 16:33:59',NULL),(794,26,6,4,NULL,'2013-06-17 16:33:59',NULL),(795,26,6,5,NULL,'2013-06-17 16:33:59',NULL),(796,26,7,1,NULL,'2013-06-17 16:33:59',NULL),(797,26,7,2,NULL,'2013-06-17 16:33:59',NULL),(798,26,7,3,NULL,'2013-06-17 16:33:59',NULL),(799,26,7,4,NULL,'2013-06-17 16:33:59',NULL),(800,26,7,5,NULL,'2013-06-17 16:33:59',NULL),(801,26,8,1,NULL,'2013-06-17 16:33:59',NULL),(802,26,8,2,NULL,'2013-06-17 16:33:59',NULL),(803,26,8,3,NULL,'2013-06-17 16:33:59',NULL),(804,26,8,4,NULL,'2013-06-17 16:33:59',NULL),(805,26,8,5,NULL,'2013-06-17 16:33:59',NULL),(806,26,9,1,NULL,'2013-06-17 16:33:59',NULL),(807,26,9,2,NULL,'2013-06-17 16:33:59',NULL),(808,26,9,3,NULL,'2013-06-17 16:33:59',NULL),(809,26,9,4,NULL,'2013-06-17 16:33:59',NULL),(810,26,9,5,NULL,'2013-06-17 16:33:59',NULL),(811,27,1,1,NULL,'2013-06-17 16:35:36',NULL),(812,27,1,2,NULL,'2013-06-17 16:35:36',NULL),(813,27,1,3,NULL,'2013-06-17 16:35:36',NULL),(814,27,1,4,NULL,'2013-06-17 16:35:36',NULL),(815,27,1,5,NULL,'2013-06-17 16:35:36',NULL),(816,27,2,1,NULL,'2013-06-17 16:35:36',NULL),(817,27,2,2,NULL,'2013-06-17 16:35:36',NULL),(818,27,2,3,NULL,'2013-06-17 16:35:36',NULL),(819,27,2,4,NULL,'2013-06-17 16:35:36',NULL),(820,27,2,5,NULL,'2013-06-17 16:35:36',NULL),(821,27,3,1,NULL,'2013-06-17 16:35:36',NULL),(822,27,3,2,NULL,'2013-06-17 16:35:36',NULL),(823,27,3,3,NULL,'2013-06-17 16:35:36',NULL),(824,27,3,4,NULL,'2013-06-17 16:35:36',NULL),(825,27,3,5,NULL,'2013-06-17 16:35:36',NULL),(826,27,4,1,NULL,'2013-06-17 16:35:36',NULL),(827,27,4,2,NULL,'2013-06-17 16:35:36',NULL),(828,27,4,3,NULL,'2013-06-17 16:35:36',NULL),(829,27,4,4,NULL,'2013-06-17 16:35:36',NULL),(830,27,4,5,NULL,'2013-06-17 16:35:36',NULL),(831,27,5,1,NULL,'2013-06-17 16:35:36',NULL),(832,27,5,2,NULL,'2013-06-17 16:35:36',NULL),(833,27,5,3,NULL,'2013-06-17 16:35:36',NULL),(834,27,5,4,NULL,'2013-06-17 16:35:36',NULL),(835,27,5,5,NULL,'2013-06-17 16:35:36',NULL),(836,27,6,1,NULL,'2013-06-17 16:35:36',NULL),(837,27,6,2,NULL,'2013-06-17 16:35:36',NULL),(838,27,6,3,NULL,'2013-06-17 16:35:36',NULL),(839,27,6,4,NULL,'2013-06-17 16:35:36',NULL),(840,27,6,5,NULL,'2013-06-17 16:35:36',NULL),(841,27,7,1,NULL,'2013-06-17 16:35:36',NULL),(842,27,7,2,NULL,'2013-06-17 16:35:36',NULL),(843,27,7,3,NULL,'2013-06-17 16:35:36',NULL),(844,27,7,4,NULL,'2013-06-17 16:35:36',NULL),(845,27,7,5,NULL,'2013-06-17 16:35:36',NULL),(846,27,8,1,NULL,'2013-06-17 16:35:36',NULL),(847,27,8,2,NULL,'2013-06-17 16:35:36',NULL),(848,27,8,3,NULL,'2013-06-17 16:35:36',NULL),(849,27,8,4,NULL,'2013-06-17 16:35:36',NULL),(850,27,8,5,NULL,'2013-06-17 16:35:36',NULL),(851,27,9,1,NULL,'2013-06-17 16:35:36',NULL),(852,27,9,2,NULL,'2013-06-17 16:35:36',NULL),(853,27,9,3,NULL,'2013-06-17 16:35:36',NULL),(854,27,9,4,NULL,'2013-06-17 16:35:36',NULL),(855,27,9,5,NULL,'2013-06-17 16:35:36',NULL),(856,28,1,1,NULL,'2013-06-17 16:35:54',NULL),(857,28,1,2,NULL,'2013-06-17 16:35:54',NULL),(858,28,1,3,NULL,'2013-06-17 16:35:54',NULL),(859,28,1,4,NULL,'2013-06-17 16:35:54',NULL),(860,28,1,5,NULL,'2013-06-17 16:35:54',NULL),(861,28,2,1,NULL,'2013-06-17 16:35:54',NULL),(862,28,2,2,NULL,'2013-06-17 16:35:54',NULL),(863,28,2,3,NULL,'2013-06-17 16:35:54',NULL),(864,28,2,4,NULL,'2013-06-17 16:35:54',NULL),(865,28,2,5,NULL,'2013-06-17 16:35:54',NULL),(866,28,3,1,NULL,'2013-06-17 16:35:54',NULL),(867,28,3,2,NULL,'2013-06-17 16:35:54',NULL),(868,28,3,3,NULL,'2013-06-17 16:35:54',NULL),(869,28,3,4,NULL,'2013-06-17 16:35:54',NULL),(870,28,3,5,NULL,'2013-06-17 16:35:54',NULL),(871,28,4,1,NULL,'2013-06-17 16:35:54',NULL),(872,28,4,2,NULL,'2013-06-17 16:35:54',NULL),(873,28,4,3,NULL,'2013-06-17 16:35:54',NULL),(874,28,4,4,NULL,'2013-06-17 16:35:54',NULL),(875,28,4,5,NULL,'2013-06-17 16:35:54',NULL),(876,28,5,1,NULL,'2013-06-17 16:35:54',NULL),(877,28,5,2,NULL,'2013-06-17 16:35:54',NULL),(878,28,5,3,NULL,'2013-06-17 16:35:54',NULL),(879,28,5,4,NULL,'2013-06-17 16:35:54',NULL),(880,28,5,5,NULL,'2013-06-17 16:35:54',NULL),(881,28,6,1,NULL,'2013-06-17 16:35:54',NULL),(882,28,6,2,NULL,'2013-06-17 16:35:54',NULL),(883,28,6,3,NULL,'2013-06-17 16:35:54',NULL),(884,28,6,4,NULL,'2013-06-17 16:35:54',NULL),(885,28,6,5,NULL,'2013-06-17 16:35:54',NULL),(886,28,7,1,NULL,'2013-06-17 16:35:54',NULL),(887,28,7,2,NULL,'2013-06-17 16:35:54',NULL),(888,28,7,3,NULL,'2013-06-17 16:35:54',NULL),(889,28,7,4,NULL,'2013-06-17 16:35:54',NULL),(890,28,7,5,NULL,'2013-06-17 16:35:54',NULL),(891,28,8,1,NULL,'2013-06-17 16:35:54',NULL),(892,28,8,2,NULL,'2013-06-17 16:35:54',NULL),(893,28,8,3,NULL,'2013-06-17 16:35:54',NULL),(894,28,8,4,NULL,'2013-06-17 16:35:54',NULL),(895,28,8,5,NULL,'2013-06-17 16:35:54',NULL),(896,28,9,1,NULL,'2013-06-17 16:35:54',NULL),(897,28,9,2,NULL,'2013-06-17 16:35:54',NULL),(898,28,9,3,NULL,'2013-06-17 16:35:54',NULL),(899,28,9,4,NULL,'2013-06-17 16:35:54',NULL),(900,28,9,5,NULL,'2013-06-17 16:35:54',NULL),(901,29,1,1,NULL,'2013-06-17 16:37:57',NULL),(902,29,1,2,NULL,'2013-06-17 16:37:57',NULL),(903,29,1,3,NULL,'2013-06-17 16:37:57',NULL),(904,29,1,4,NULL,'2013-06-17 16:37:57',NULL),(905,29,1,5,NULL,'2013-06-17 16:37:57',NULL),(906,29,2,1,NULL,'2013-06-17 16:37:57',NULL),(907,29,2,2,NULL,'2013-06-17 16:37:57',NULL),(908,29,2,3,NULL,'2013-06-17 16:37:57',NULL),(909,29,2,4,NULL,'2013-06-17 16:37:57',NULL),(910,29,2,5,NULL,'2013-06-17 16:37:57',NULL),(911,29,3,1,NULL,'2013-06-17 16:37:57',NULL),(912,29,3,2,NULL,'2013-06-17 16:37:57',NULL),(913,29,3,3,NULL,'2013-06-17 16:37:57',NULL),(914,29,3,4,NULL,'2013-06-17 16:37:57',NULL),(915,29,3,5,NULL,'2013-06-17 16:37:57',NULL),(916,29,4,1,NULL,'2013-06-17 16:37:57',NULL),(917,29,4,2,NULL,'2013-06-17 16:37:57',NULL),(918,29,4,3,NULL,'2013-06-17 16:37:57',NULL),(919,29,4,4,NULL,'2013-06-17 16:37:57',NULL),(920,29,4,5,NULL,'2013-06-17 16:37:57',NULL),(921,29,5,1,NULL,'2013-06-17 16:37:57',NULL),(922,29,5,2,NULL,'2013-06-17 16:37:57',NULL),(923,29,5,3,NULL,'2013-06-17 16:37:57',NULL),(924,29,5,4,NULL,'2013-06-17 16:37:57',NULL),(925,29,5,5,NULL,'2013-06-17 16:37:57',NULL),(926,29,6,1,NULL,'2013-06-17 16:37:57',NULL),(927,29,6,2,NULL,'2013-06-17 16:37:57',NULL),(928,29,6,3,NULL,'2013-06-17 16:37:57',NULL),(929,29,6,4,NULL,'2013-06-17 16:37:57',NULL),(930,29,6,5,NULL,'2013-06-17 16:37:57',NULL),(931,29,7,1,NULL,'2013-06-17 16:37:57',NULL),(932,29,7,2,NULL,'2013-06-17 16:37:57',NULL),(933,29,7,3,NULL,'2013-06-17 16:37:57',NULL),(934,29,7,4,NULL,'2013-06-17 16:37:57',NULL),(935,29,7,5,NULL,'2013-06-17 16:37:57',NULL),(936,29,8,1,NULL,'2013-06-17 16:37:57',NULL),(937,29,8,2,NULL,'2013-06-17 16:37:57',NULL),(938,29,8,3,NULL,'2013-06-17 16:37:57',NULL),(939,29,8,4,NULL,'2013-06-17 16:37:57',NULL),(940,29,8,5,NULL,'2013-06-17 16:37:57',NULL),(941,29,9,1,NULL,'2013-06-17 16:37:57',NULL),(942,29,9,2,NULL,'2013-06-17 16:37:57',NULL),(943,29,9,3,NULL,'2013-06-17 16:37:57',NULL),(944,29,9,4,NULL,'2013-06-17 16:37:57',NULL),(945,29,9,5,NULL,'2013-06-17 16:37:57',NULL),(946,30,1,1,NULL,'2013-06-17 16:39:16',NULL),(947,30,1,2,NULL,'2013-06-17 16:39:16',NULL),(948,30,1,3,NULL,'2013-06-17 16:39:16',NULL),(949,30,1,4,NULL,'2013-06-17 16:39:16',NULL),(950,30,1,5,NULL,'2013-06-17 16:39:16',NULL),(951,30,2,1,NULL,'2013-06-17 16:39:16',NULL),(952,30,2,2,NULL,'2013-06-17 16:39:16',NULL),(953,30,2,3,NULL,'2013-06-17 16:39:16',NULL),(954,30,2,4,NULL,'2013-06-17 16:39:16',NULL),(955,30,2,5,NULL,'2013-06-17 16:39:16',NULL),(956,30,3,1,NULL,'2013-06-17 16:39:16',NULL),(957,30,3,2,NULL,'2013-06-17 16:39:16',NULL),(958,30,3,3,NULL,'2013-06-17 16:39:16',NULL),(959,30,3,4,NULL,'2013-06-17 16:39:16',NULL),(960,30,3,5,NULL,'2013-06-17 16:39:16',NULL),(961,30,4,1,NULL,'2013-06-17 16:39:16',NULL),(962,30,4,2,NULL,'2013-06-17 16:39:16',NULL),(963,30,4,3,NULL,'2013-06-17 16:39:16',NULL),(964,30,4,4,NULL,'2013-06-17 16:39:16',NULL),(965,30,4,5,NULL,'2013-06-17 16:39:16',NULL),(966,30,5,1,NULL,'2013-06-17 16:39:16',NULL),(967,30,5,2,NULL,'2013-06-17 16:39:16',NULL),(968,30,5,3,NULL,'2013-06-17 16:39:16',NULL),(969,30,5,4,NULL,'2013-06-17 16:39:16',NULL),(970,30,5,5,NULL,'2013-06-17 16:39:16',NULL),(971,30,6,1,NULL,'2013-06-17 16:39:16',NULL),(972,30,6,2,NULL,'2013-06-17 16:39:16',NULL),(973,30,6,3,NULL,'2013-06-17 16:39:16',NULL),(974,30,6,4,NULL,'2013-06-17 16:39:16',NULL),(975,30,6,5,NULL,'2013-06-17 16:39:16',NULL),(976,30,7,1,NULL,'2013-06-17 16:39:16',NULL),(977,30,7,2,NULL,'2013-06-17 16:39:16',NULL),(978,30,7,3,NULL,'2013-06-17 16:39:16',NULL),(979,30,7,4,NULL,'2013-06-17 16:39:16',NULL),(980,30,7,5,NULL,'2013-06-17 16:39:16',NULL),(981,30,8,1,NULL,'2013-06-17 16:39:16',NULL),(982,30,8,2,NULL,'2013-06-17 16:39:16',NULL),(983,30,8,3,NULL,'2013-06-17 16:39:16',NULL),(984,30,8,4,NULL,'2013-06-17 16:39:16',NULL),(985,30,8,5,NULL,'2013-06-17 16:39:16',NULL),(986,30,9,1,NULL,'2013-06-17 16:39:16',NULL),(987,30,9,2,NULL,'2013-06-17 16:39:16',NULL),(988,30,9,3,NULL,'2013-06-17 16:39:16',NULL),(989,30,9,4,NULL,'2013-06-17 16:39:16',NULL),(990,30,9,5,NULL,'2013-06-17 16:39:16',NULL),(991,31,1,1,NULL,'2013-06-17 16:40:44',NULL),(992,31,1,2,NULL,'2013-06-17 16:40:44',NULL),(993,31,1,3,NULL,'2013-06-17 16:40:44',NULL),(994,31,1,4,NULL,'2013-06-17 16:40:44',NULL),(995,31,1,5,NULL,'2013-06-17 16:40:44',NULL),(996,31,2,1,NULL,'2013-06-17 16:40:44',NULL),(997,31,2,2,NULL,'2013-06-17 16:40:44',NULL),(998,31,2,3,NULL,'2013-06-17 16:40:44',NULL),(999,31,2,4,NULL,'2013-06-17 16:40:44',NULL),(1000,31,2,5,NULL,'2013-06-17 16:40:44',NULL),(1001,31,3,1,NULL,'2013-06-17 16:40:44',NULL),(1002,31,3,2,NULL,'2013-06-17 16:40:44',NULL),(1003,31,3,3,NULL,'2013-06-17 16:40:44',NULL),(1004,31,3,4,NULL,'2013-06-17 16:40:44',NULL),(1005,31,3,5,NULL,'2013-06-17 16:40:44',NULL),(1006,31,4,1,NULL,'2013-06-17 16:40:44',NULL),(1007,31,4,2,NULL,'2013-06-17 16:40:44',NULL),(1008,31,4,3,NULL,'2013-06-17 16:40:44',NULL),(1009,31,4,4,NULL,'2013-06-17 16:40:44',NULL),(1010,31,4,5,NULL,'2013-06-17 16:40:44',NULL),(1011,31,5,1,NULL,'2013-06-17 16:40:44',NULL),(1012,31,5,2,NULL,'2013-06-17 16:40:44',NULL),(1013,31,5,3,NULL,'2013-06-17 16:40:44',NULL),(1014,31,5,4,NULL,'2013-06-17 16:40:44',NULL),(1015,31,5,5,NULL,'2013-06-17 16:40:44',NULL),(1016,31,6,1,NULL,'2013-06-17 16:40:44',NULL),(1017,31,6,2,NULL,'2013-06-17 16:40:44',NULL),(1018,31,6,3,NULL,'2013-06-17 16:40:44',NULL),(1019,31,6,4,NULL,'2013-06-17 16:40:44',NULL),(1020,31,6,5,NULL,'2013-06-17 16:40:44',NULL),(1021,31,7,1,NULL,'2013-06-17 16:40:44',NULL),(1022,31,7,2,NULL,'2013-06-17 16:40:44',NULL),(1023,31,7,3,NULL,'2013-06-17 16:40:44',NULL),(1024,31,7,4,NULL,'2013-06-17 16:40:44',NULL),(1025,31,7,5,NULL,'2013-06-17 16:40:44',NULL),(1026,31,8,1,NULL,'2013-06-17 16:40:44',NULL),(1027,31,8,2,NULL,'2013-06-17 16:40:44',NULL),(1028,31,8,3,NULL,'2013-06-17 16:40:44',NULL),(1029,31,8,4,NULL,'2013-06-17 16:40:44',NULL),(1030,31,8,5,NULL,'2013-06-17 16:40:44',NULL),(1031,31,9,1,NULL,'2013-06-17 16:40:44',NULL),(1032,31,9,2,NULL,'2013-06-17 16:40:44',NULL),(1033,31,9,3,NULL,'2013-06-17 16:40:44',NULL),(1034,31,9,4,NULL,'2013-06-17 16:40:44',NULL),(1035,31,9,5,NULL,'2013-06-17 16:40:44',NULL);
/*!40000 ALTER TABLE `schedules` ENABLE KEYS */;
UNLOCK TABLES;

--
-- Table structure for table `users`
--

DROP TABLE IF EXISTS `users`;
/*!40101 SET @saved_cs_client     = @@character_set_client */;
/*!40101 SET character_set_client = utf8 */;
CREATE TABLE `users` (
  `id` int(11) NOT NULL AUTO_INCREMENT,
  `cohort_id` int(11) NOT NULL,
  `first_name` varchar(45) DEFAULT NULL,
  `last_name` varchar(45) DEFAULT NULL,
  `email` varchar(60) DEFAULT NULL,
  `password` varchar(45) DEFAULT NULL,
  `user_level` int(11) DEFAULT NULL,
  `created_at` datetime DEFAULT NULL,
  `modified_at` datetime DEFAULT NULL,
  PRIMARY KEY (`id`),
  KEY `fk_users_cohorts1_idx` (`cohort_id`),
  CONSTRAINT `fk_users_cohorts1` FOREIGN KEY (`cohort_id`) REFERENCES `cohorts` (`id`) ON DELETE NO ACTION ON UPDATE NO ACTION
) ENGINE=InnoDB AUTO_INCREMENT=23 DEFAULT CHARSET=latin1;
/*!40101 SET character_set_client = @saved_cs_client */;

--
-- Dumping data for table `users`
--

LOCK TABLES `users` WRITE;
/*!40000 ALTER TABLE `users` DISABLE KEYS */;
INSERT INTO `users` VALUES (1,1,'Instructor','generic','instructor1@codingdojo.co','3a271e32907a41cd617b98fac2f66de4',2,'2013-06-11 15:18:01',NULL),(2,1,'Instructor2','generic','instructor2@codingdojo.co','3a271e32907a41cd617b98fac2f66de4',2,'2013-06-11 15:45:39',NULL),(3,2,'Student1','example_20130408','student1@codingdojo.co','3a271e32907a41cd617b98fac2f66de4',1,'2013-06-11 15:17:15',NULL),(4,3,'Student2','example_20130520','student2@codingdojo.co','3a271e32907a41cd617b98fac2f66de4',1,'2013-06-11 15:17:15',NULL),(5,2,'Student3','example_20130408','student3@codingdojo.co','3a271e32907a41cd617b98fac2f66de4',1,'2013-06-11 15:17:15',NULL),(8,3,'Student4','example_20130520','student4@codingdojo.co','3a271e32907a41cd617b98fac2f66de4',1,'2013-06-11 15:17:15',NULL),(9,2,'Misc','Sockpuppet','sockpuppet@yahoo.com','3a271e32907a41cd617b98fac2f66de4',1,'2013-06-11 15:17:15',NULL),(10,3,'Warm','Body','warmbody@yahoo.com','3a271e32907a41cd617b98fac2f66de4',1,'2013-06-11 15:17:15',NULL),(11,2,'checking','ifthisworks','checking@codingdojo.co',NULL,NULL,'2013-06-17 16:14:29',NULL),(13,30,'eek','thefullhorror','argh@jsdkl;fjdas.doc',NULL,NULL,'2013-06-17 16:41:09',NULL),(14,20,'thppt','thppt again','thppt@thppt.thppt',NULL,NULL,'2013-06-17 22:32:57',NULL),(15,3,'testing','ifvalidationworks','testing@validation','3a271e32907a41cd617b98fac2f66de4',NULL,'2013-06-18 00:41:08',NULL),(16,19,'andchecking','yetagain','again@again.noch','3a271e32907a41cd617b98fac2f66de4',NULL,'2013-06-18 00:42:51',NULL),(17,1,'andchecking','some_more','again@again.noch','3a271e32907a41cd617b98fac2f66de4',1,'2013-06-18 00:49:51',NULL),(18,1,'andchecking','much_more','again@again.noch','3a271e32907a41cd617b98fac2f66de4',2,'2013-06-18 00:51:20',NULL),(20,23,'','asdf','asfd','3a271e32907a41cd617b98fac2f66de4',1,'2013-06-18 01:09:25',NULL),(22,1,'Eylem','Ozaslan','eozaslan@codingdojo.co','3a271e32907a41cd617b98fac2f66de4',2,'2013-06-19 19:37:27',NULL);
/*!40000 ALTER TABLE `users` ENABLE KEYS */;
UNLOCK TABLES;
/*!40103 SET TIME_ZONE=@OLD_TIME_ZONE */;

/*!40101 SET SQL_MODE=@OLD_SQL_MODE */;
/*!40014 SET FOREIGN_KEY_CHECKS=@OLD_FOREIGN_KEY_CHECKS */;
/*!40014 SET UNIQUE_CHECKS=@OLD_UNIQUE_CHECKS */;
/*!40101 SET CHARACTER_SET_CLIENT=@OLD_CHARACTER_SET_CLIENT */;
/*!40101 SET CHARACTER_SET_RESULTS=@OLD_CHARACTER_SET_RESULTS */;
/*!40101 SET COLLATION_CONNECTION=@OLD_COLLATION_CONNECTION */;
/*!40111 SET SQL_NOTES=@OLD_SQL_NOTES */;

-- Dump completed on 2013-06-20  1:31:15
